playerID,Name,NumYears,debut,final,W,L,G,GS,CG,SHO,SV,H,ER,HR,BB,SO,IBB,WP,HBP,BK,BFP,GF,R,SH,SF,GIDP,IP,ERA,WPct,WHIP,H9,HR9,BB9,K9,SOW,P,ROY,MVP,CYA,GG_P,WAR,indYear,votedBy,inducted
affelje01,Jeremy Affeldt,14,2002,2015,43.0,46.0,774.0,42.0,0.0,0.0,28.0,904.0,408.0,76.0,396.0,720.0,41.0,55.0,42.0,9.0,4034.0,162.0,455.0,42.0,25.0,102.0,926.0,3.9654427645788335,0.48314606741573035,1.4038876889848813,8.786177105831534,0.7386609071274298,3.8488120950323976,6.997840172786177,1.8181818181818181,774,0.0,0.0,0.0,0.0,9.7,0.0,0,0.0
alberma01,Matt Albers,14,2006,2019,47.0,48.0,616.0,24.0,0.0,0.0,7.0,751.0,367.0,87.0,314.0,571.0,30.0,29.0,35.0,1.0,3288.0,145.0,399.0,29.0,28.0,92.0,759.0,4.351778656126482,0.49473684210526314,1.4031620553359683,8.90513833992095,1.0316205533596838,3.7233201581027666,6.770750988142292,1.8184713375796178,616,0.0,0.0,0.0,0.0,2.650000000000001,0.0,0,0.0
anderbr04,Brett Anderson,12,2009,2020,63.0,65.0,198.0,186.0,3.0,1.0,3.0,1115.0,471.0,104.0,276.0,714.0,13.0,20.0,30.0,6.0,4419.0,4.0,520.0,23.0,21.0,120.0,1044.3333333333333,4.059048834982445,0.4921875,1.3319502074688798,9.609000957548675,0.8962655601659751,2.3785509096712416,6.15320778806256,2.5869565217391304,198,0.0,0.0,0.0,0.0,10.45,0.0,0,0.0
arrieja01,Jake Arrieta,11,2010,2020,110.0,79.0,261.0,255.0,6.0,5.0,0.0,1319.0,632.0,157.0,527.0,1350.0,20.0,76.0,58.0,1.0,6286.0,1.0,696.0,30.0,34.0,126.0,1513.6666666666667,3.757762607355208,0.582010582010582,1.2195551640607796,7.842545694780885,0.9334948249284298,3.133450781766131,8.026866329002422,2.5616698292220113,261,0.0,0.0,1.0,0.0,24.39,0.0,0,0.0
arroybr01,Bronson Arroyo,16,2000,2017,148.0,137.0,419.0,383.0,16.0,6.0,1.0,2507.0,1158.0,347.0,661.0,1571.0,60.0,42.0,105.0,6.0,10338.0,6.0,1260.0,91.0,64.0,183.0,2435.6666666666665,4.278910633638977,0.519298245614035,1.3006705898453539,9.263582865745178,1.282195155330505,2.4424524428630083,5.804981524565486,2.3767019667170954,419,0.0,0.0,0.0,1.0,24.669999999999998,0.0,0,0.0
axforjo01,John Axford,10,2009,2018,38.0,34.0,543.0,1.0,0.0,0.0,144.0,483.0,226.0,50.0,260.0,589.0,19.0,45.0,15.0,0.0,2300.0,286.0,247.0,14.0,18.0,38.0,525.3333333333334,3.8718274111675126,0.5277777777777778,1.4143401015228425,8.2747461928934,0.8565989847715736,4.4543147208121825,10.090736040609137,2.2653846153846153,543,0.0,0.0,0.0,0.0,4.190000000000001,0.0,0,0.0
baileho02,Homer Bailey,14,2007,2020,81.0,86.0,245.0,245.0,7.0,4.0,0.0,1455.0,710.0,175.0,463.0,1157.0,31.0,42.0,56.0,8.0,6039.0,0.0,756.0,46.0,42.0,100.0,1401.6666666666667,4.558858501783591,0.48502994011976047,1.3683709869203329,9.34244946492271,1.1236623067776457,2.9728894173602853,7.429013079667063,2.4989200863930887,245,0.0,0.0,0.0,0.0,5.63,0.0,0,0.0
bakersc02,Scott Baker,10,2005,2015,66.0,53.0,193.0,172.0,4.0,2.0,0.0,1089.0,504.0,145.0,245.0,839.0,13.0,22.0,27.0,0.0,4438.0,15.0,518.0,16.0,26.0,72.0,1064.6666666666667,4.260488415779586,0.5546218487394958,1.2529743268628677,9.205698184095178,1.2257357545397618,2.071070757670632,7.092360676268003,3.4244897959183676,193,0.0,0.0,0.0,0.0,15.77,0.0,0,0.0
balfogr01,Grant Balfour,12,2001,2015,30.0,23.0,534.0,1.0,0.0,0.0,84.0,406.0,209.0,47.0,252.0,571.0,14.0,26.0,8.0,1.0,2241.0,203.0,215.0,15.0,19.0,31.0,539.6666666666666,3.485484867201977,0.5660377358490566,1.2192711550339717,6.770846201358864,0.7838171710932674,4.202594193946881,9.522544780728845,2.265873015873016,534,0.0,0.0,0.0,0.0,9.209999999999999,0.0,0,0.0
beimejo01,Joe Beimel,13,2001,2015,29.0,34.0,676.0,23.0,0.0,0.0,5.0,719.0,307.0,66.0,272.0,379.0,52.0,26.0,22.0,7.0,2957.0,129.0,331.0,35.0,29.0,78.0,680.0,4.063235294117647,0.4603174603174603,1.4573529411764705,9.516176470588235,0.8735294117647059,3.6,5.016176470588236,1.3933823529411764,676,0.0,0.0,0.0,0.0,6.72,0.0,0,0.0
belisma01,Matt Belisle,15,2003,2018,52.0,58.0,693.0,44.0,1.0,0.0,14.0,1024.0,446.0,97.0,238.0,711.0,42.0,32.0,37.0,4.0,3988.0,144.0,492.0,39.0,30.0,91.0,928.6666666666666,4.322325915290739,0.4727272727272727,1.3589375448671932,9.923905240488155,0.9400574300071788,2.306532663316583,6.890524048815506,2.9873949579831933,693,0.0,0.0,0.0,0.0,7.770000000000003,0.0,0,0.0
benoijo01,Joaquin Benoit,16,2001,2017,58.0,49.0,764.0,55.0,0.0,0.0,53.0,883.0,455.0,129.0,437.0,1058.0,21.0,38.0,32.0,2.0,4498.0,185.0,485.0,27.0,40.0,51.0,1068.6666666666667,3.831877729257642,0.5420560747663551,1.2351840299438552,7.436369307548346,1.0864004990642544,3.6802869619463503,8.9101684341859,2.4210526315789473,764,0.0,0.0,0.0,0.0,17.98,0.0,0,0.0
betanra01,Rafael Betancourt,12,2003,2015,38.0,37.0,680.0,0.0,0.0,0.0,75.0,596.0,256.0,71.0,164.0,724.0,40.0,17.0,1.0,4.0,2787.0,241.0,274.0,19.0,24.0,23.0,685.6666666666666,3.3602333495381624,0.5066666666666667,1.108410306271269,7.823043266893535,0.9319397180359748,2.1526494895478856,9.503159941662616,4.414634146341464,680,0.0,0.0,0.0,0.0,14.100000000000003,0.0,0,0.0
blantjo01,Joe Blanton,13,2004,2017,101.0,97.0,427.0,252.0,8.0,3.0,2.0,1896.0,860.0,223.0,467.0,1284.0,44.0,41.0,41.0,3.0,7544.0,51.0,914.0,44.0,57.0,139.0,1767.6666666666667,4.378653592306241,0.51010101010101,1.336790495945691,9.65340373373562,1.1353950594003392,2.3777107297755986,6.537431642466528,2.7494646680942183,427,0.0,0.0,0.0,0.0,12.629999999999997,0.0,0,0.0
blevije01,Jerry Blevins,13,2007,2019,30.0,13.0,609.0,1.0,0.0,0.0,7.0,417.0,195.0,50.0,195.0,508.0,26.0,12.0,27.0,0.0,2098.0,123.0,209.0,18.0,23.0,22.0,495.3333333333333,3.5430686406460294,0.6976744186046512,1.2355316285329745,7.5767160161507405,0.9084791386271871,3.5430686406460294,9.230148048452222,2.605128205128205,609,0.0,0.0,0.0,0.0,6.29,0.0,0,0.0
boyerbl01,Blaine Boyer,12,2005,2018,17.0,27.0,447.0,0.0,0.0,0.0,5.0,505.0,237.0,38.0,165.0,292.0,19.0,17.0,13.0,0.0,2026.0,119.0,269.0,19.0,17.0,47.0,468.3333333333333,4.554448398576512,0.38636363636363635,1.4306049822064058,9.704626334519572,0.7302491103202847,3.1708185053380786,5.611387900355872,1.7696969696969698,447,0.0,0.0,0.0,0.0,-1.5299999999999998,0.0,0,0.0
brachbr01,Brad Brach,10,2011,2020,37.0,27.0,496.0,0.0,0.0,0.0,33.0,445.0,197.0,52.0,246.0,556.0,21.0,28.0,7.0,3.0,2212.0,138.0,220.0,9.0,23.0,40.0,522.6666666666666,3.392219387755102,0.578125,1.3220663265306123,7.6626275510204085,0.8954081632653063,4.235969387755102,9.573979591836736,2.2601626016260163,496,0.0,0.0,0.0,0.0,6.38,0.0,0,0.0
breslcr01,Craig Breslow,12,2005,2017,23.0,30.0,576.0,2.0,0.0,0.0,8.0,536.0,219.0,56.0,226.0,442.0,18.0,25.0,17.0,5.0,2428.0,137.0,250.0,20.0,20.0,50.0,570.6666666666666,3.453855140186916,0.4339622641509434,1.3352803738317758,8.453271028037383,0.8831775700934581,3.5642523364485985,6.970794392523365,1.9557522123893805,576,0.0,0.0,0.0,0.0,6.2700000000000005,0.0,0,0.0
brittza01,Zack Britton,10,2011,2020,35.0,25.0,417.0,46.0,0.0,0.0,153.0,528.0,210.0,37.0,244.0,515.0,13.0,45.0,10.0,0.0,2561.0,246.0,240.0,15.0,13.0,84.0,622.0,3.0385852090032155,0.5833333333333334,1.2411575562700965,7.639871382636656,0.5353697749196141,3.5305466237942125,7.451768488745981,2.110655737704918,417,0.0,0.0,0.0,0.0,14.119999999999997,0.0,0,0.0
broxtjo01,Jonathan Broxton,13,2005,2017,43.0,38.0,694.0,0.0,0.0,0.0,118.0,580.0,256.0,51.0,268.0,758.0,34.0,21.0,20.0,0.0,2836.0,293.0,285.0,24.0,21.0,55.0,676.0,3.408284023668639,0.5308641975308642,1.2544378698224852,7.721893491124261,0.6789940828402367,3.5680473372781067,10.091715976331361,2.828358208955224,694,0.0,0.0,0.0,0.0,8.59,0.0,0,0.0
buchhcl01,Clay Buchholz,13,2007,2019,90.0,69.0,236.0,218.0,10.0,6.0,0.0,1272.0,589.0,139.0,458.0,1024.0,11.0,30.0,49.0,4.0,5607.0,7.0,644.0,20.0,46.0,147.0,1332.3333333333333,3.9787340505379034,0.5660377358490566,1.2984738553915438,8.592444333249938,0.9389542156617463,3.0938203652739555,6.917187890918189,2.2358078602620086,236,0.0,0.0,0.0,0.0,16.909999999999997,0.0,0,0.0
buehrma01,Mark Buehrle,16,2000,2015,214.0,160.0,518.0,493.0,33.0,10.0,0.0,3472.0,1391.0,361.0,734.0,1870.0,49.0,27.0,79.0,16.0,13705.0,6.0,1542.0,108.0,91.0,362.0,3283.3333333333335,3.8128934010152284,0.5721925133689839,1.2810152284263958,9.517157360406092,0.9895431472081218,2.011979695431472,5.125888324873096,2.5476839237057223,518,0.0,0.0,0.0,4.0,60.02,0.0,0,0.0
bumgama01,Madison Bumgarner,12,2009,2020,120.0,96.0,298.0,295.0,15.0,6.0,0.0,1669.0,672.0,205.0,441.0,1824.0,36.0,25.0,68.0,7.0,7697.0,1.0,734.0,59.0,42.0,134.0,1887.6666666666667,3.203955500618047,0.5555555555555556,1.1177820942963093,7.957443051386191,0.9773971393254458,2.1025957972805935,8.696450644534698,4.136054421768708,298,0.0,0.0,0.0,0.0,31.869999999999997,0.0,0,0.0
burneaj01,A. J. Burnett,17,1999,2015,164.0,157.0,435.0,430.0,24.0,10.0,0.0,2519.0,1210.0,263.0,1100.0,2513.0,35.0,161.0,143.0,6.0,11665.0,1.0,1328.0,85.0,88.0,241.0,2731.3333333333335,3.98706370515011,0.5109034267912772,1.3249938979741274,8.300341713448864,0.8666097144251891,3.6246033683182812,8.280571149621673,2.2845454545454547,435,0.0,0.0,0.0,0.0,29.580000000000002,0.0,0,0.0
cahiltr01,Trevor Cahill,12,2009,2020,85.0,94.0,352.0,225.0,3.0,2.0,1.0,1405.0,686.0,166.0,601.0,1119.0,12.0,98.0,62.0,4.0,6294.0,46.0,745.0,51.0,47.0,143.0,1470.6666666666667,4.198096101541251,0.4748603351955307,1.3640072529465095,8.598141432456936,1.0158658204895739,3.67792384406165,6.847914777878513,1.8618968386023294,352,0.0,0.0,0.0,0.0,12.089999999999998,0.0,0,0.0
cainma01,Matt Cain,13,2005,2017,104.0,118.0,342.0,331.0,15.0,6.0,0.0,1849.0,853.0,211.0,712.0,1694.0,42.0,70.0,62.0,4.0,8699.0,4.0,910.0,87.0,67.0,124.0,2085.6666666666665,3.6808374620425126,0.46846846846846846,1.2279047466837143,7.978743806936232,0.9105002397315007,3.0723989132171967,7.309892919929679,2.3792134831460676,342,0.0,0.0,0.0,0.0,29.300000000000004,0.0,0,0.0
capuach01,Chris Capuano,12,2003,2016,77.0,92.0,316.0,225.0,4.0,3.0,0.0,1481.0,696.0,196.0,463.0,1199.0,35.0,55.0,56.0,6.0,6163.0,21.0,756.0,80.0,34.0,112.0,1429.6666666666667,4.381440895313593,0.4556213017751479,1.359757519235253,9.323152249941712,1.2338540452319888,2.9146654231755655,7.547913266495686,2.58963282937365,316,0.0,0.0,0.0,0.0,9.760000000000002,0.0,0,0.0
carmofa01,Roberto Hernandez,11,2006,2016,71.0,99.0,270.0,219.0,8.0,3.0,1.0,1412.0,695.0,147.0,505.0,833.0,25.0,37.0,82.0,5.0,5900.0,22.0,766.0,33.0,47.0,154.0,1358.3333333333333,4.604907975460123,0.4176470588235294,1.4112883435582824,9.355582822085891,0.9739877300613498,3.3460122699386505,5.519263803680982,1.6495049504950494,270,0.0,0.0,0.0,0.0,5.4,0.0,0,0.0
carraca01,Carlos Carrasco,11,2009,2020,88.0,73.0,242.0,195.0,11.0,4.0,2.0,1165.0,520.0,145.0,321.0,1305.0,19.0,46.0,37.0,2.0,5115.0,21.0,547.0,19.0,38.0,92.0,1242.3333333333333,3.7671049101153744,0.546583850931677,1.196136302656292,8.43976388516233,1.0504427153206333,2.3254628387442984,9.4539844378857,4.065420560747664,242,0.0,0.0,0.0,0.0,21.25,0.0,0,0.0
cashnan01,Andrew Cashner,10,2010,2019,57.0,87.0,300.0,188.0,3.0,3.0,1.0,1180.0,545.0,130.0,442.0,901.0,20.0,43.0,39.0,2.0,5109.0,20.0,616.0,36.0,32.0,114.0,1196.0,4.101170568561873,0.3958333333333333,1.3561872909698998,8.879598662207357,0.9782608695652174,3.326086956521739,6.780100334448161,2.0384615384615383,300,0.0,0.0,0.0,0.0,11.02,0.0,0,0.0
cecilbr01,Brett Cecil,10,2009,2018,44.0,47.0,443.0,74.0,2.0,1.0,12.0,757.0,360.0,96.0,269.0,670.0,21.0,22.0,23.0,2.0,3239.0,83.0,382.0,12.0,30.0,65.0,756.0,4.285714285714286,0.4835164835164835,1.3571428571428572,9.011904761904763,1.1428571428571428,3.2023809523809526,7.976190476190476,2.490706319702602,443,0.0,0.0,0.0,0.0,6.700000000000001,0.0,0,0.0
chacijh01,Jhoulys Chacin,12,2009,2020,78.0,87.0,257.0,226.0,3.0,1.0,0.0,1227.0,595.0,141.0,537.0,1067.0,23.0,48.0,54.0,3.0,5658.0,10.0,646.0,41.0,44.0,116.0,1324.0,4.044561933534744,0.4727272727272727,1.3323262839879153,8.340634441087614,0.9584592145015106,3.650302114803625,7.253021148036254,1.9869646182495344,257,0.0,0.0,0.0,0.0,19.010000000000005,0.0,0,0.0
chambjo03,Joba Chamberlain,10,2007,2016,25.0,21.0,385.0,43.0,0.0,0.0,7.0,540.0,235.0,57.0,226.0,546.0,16.0,25.0,25.0,5.0,2398.0,78.0,261.0,11.0,14.0,42.0,555.3333333333334,3.8085234093637452,0.5434782608695652,1.3793517406962785,8.751500600240096,0.9237695078031212,3.6626650660264106,8.848739495798318,2.415929203539823,385,0.0,0.0,0.0,0.0,7.629999999999998,0.0,0,0.0
chapmar01,Aroldis Chapman,11,2010,2020,34.0,27.0,563.0,0.0,0.0,0.0,276.0,306.0,137.0,29.0,252.0,905.0,3.0,55.0,26.0,2.0,2196.0,419.0,150.0,3.0,9.0,19.0,547.3333333333334,2.2527405602923265,0.5573770491803278,1.0194884287454322,5.031668696711327,0.476857490864799,4.143727161997564,14.88124238733252,3.5912698412698414,563,0.0,0.0,0.0,0.0,17.750000000000004,0.0,0,0.0
chaveje01,Jesse Chavez,13,2008,2020,41.0,58.0,481.0,79.0,0.0,0.0,8.0,965.0,469.0,143.0,296.0,832.0,28.0,29.0,25.0,0.0,4002.0,137.0,503.0,21.0,28.0,67.0,933.0,4.52411575562701,0.41414141414141414,1.3515541264737405,9.308681672025724,1.3794212218649518,2.855305466237942,8.02572347266881,2.810810810810811,481,0.0,0.0,0.0,0.0,3.3699999999999997,0.0,0,0.0
chenbr01,Bruce Chen,17,1998,2015,82.0,81.0,400.0,227.0,4.0,1.0,1.0,1578.0,786.0,257.0,546.0,1140.0,40.0,30.0,45.0,3.0,6619.0,56.0,849.0,45.0,53.0,92.0,1532.0,4.617493472584856,0.5030674846625767,1.3864229765013054,9.270234986945171,1.5097911227154048,3.2075718015665795,6.697127937336815,2.087912087912088,400,0.0,0.0,0.0,0.0,10.769999999999998,0.0,0,0.0
choatra01,Randy Choate,15,2000,2015,16.0,14.0,672.0,0.0,0.0,0.0,7.0,350.0,177.0,20.0,175.0,348.0,32.0,16.0,45.0,1.0,1750.0,102.0,198.0,11.0,14.0,51.0,408.0,3.9044117647058822,0.5333333333333333,1.286764705882353,7.720588235294117,0.4411764705882353,3.8602941176470584,7.6764705882352935,1.9885714285714287,672,0.0,0.0,0.0,0.0,4.4799999999999995,0.0,0,0.0
cishest01,Steve Cishek,11,2010,2020,32.0,37.0,594.0,0.0,0.0,0.0,132.0,450.0,178.0,41.0,220.0,605.0,32.0,22.0,40.0,2.0,2398.0,291.0,199.0,18.0,16.0,49.0,576.0,2.78125,0.463768115942029,1.1631944444444444,7.03125,0.640625,3.4375,9.453125,2.75,594,0.0,0.0,0.0,0.0,12.19,0.0,0,0.0
clippty01,Tyler Clippard,14,2007,2020,55.0,47.0,777.0,14.0,0.0,0.0,68.0,597.0,293.0,108.0,329.0,931.0,18.0,47.0,26.0,6.0,3436.0,194.0,311.0,26.0,26.0,28.0,842.0,3.1318289786223277,0.5392156862745098,1.0997624703087887,6.381235154394299,1.154394299287411,3.5166270783847984,9.951306413301662,2.8297872340425534,777,0.0,0.0,0.0,0.0,15.43,0.0,0,0.0
colonba01,Bartolo Colon,21,1997,2018,247.0,188.0,565.0,552.0,38.0,13.0,0.0,3593.0,1584.0,439.0,948.0,2535.0,47.0,45.0,64.0,6.0,14655.0,2.0,1719.0,121.0,91.0,312.0,3461.6666666666665,4.11824747231584,0.5678160919540229,1.3117958594126145,9.341454020221475,1.1413577274915743,2.464708714492056,6.590755897929706,2.6740506329113924,565,0.0,0.0,1.0,0.0,47.76,0.0,0,0.0
correke01,Kevin Correia,13,2003,2015,76.0,98.0,358.0,221.0,2.0,1.0,0.0,1569.0,734.0,179.0,474.0,906.0,30.0,32.0,39.0,4.0,6227.0,31.0,789.0,63.0,47.0,117.0,1428.6666666666667,4.62389174055063,0.4367816091954023,1.4300046663555763,9.884041063929072,1.1276248250116658,2.986000933271115,5.707419505366309,1.9113924050632911,358,0.0,0.0,0.0,0.0,4.239999999999999,0.0,0,0.0
cottsne01,Neal Cotts,10,2003,2015,21.0,24.0,483.0,5.0,0.0,0.0,4.0,405.0,195.0,58.0,194.0,421.0,21.0,26.0,22.0,2.0,1918.0,84.0,208.0,15.0,13.0,42.0,443.3333333333333,3.9586466165413534,0.4666666666666667,1.3511278195488723,8.221804511278195,1.1774436090225564,3.9383458646616543,8.546616541353384,2.170103092783505,483,0.0,0.0,0.0,0.0,5.1499999999999995,0.0,0,0.0
cuetojo01,Johnny Cueto,13,2008,2020,128.0,90.0,308.0,308.0,17.0,8.0,0.0,1741.0,728.0,202.0,556.0,1612.0,18.0,34.0,107.0,16.0,7964.0,0.0,787.0,72.0,35.0,142.0,1919.6666666666667,3.4130925507900676,0.5871559633027523,1.1965619031081784,8.162354575447127,0.9470394165653758,2.6067025525264804,7.557562076749435,2.8992805755395685,308,0.0,0.0,0.0,0.0,34.14,0.0,0,0.0
danksjo01,John Danks,10,2007,2016,79.0,104.0,247.0,247.0,6.0,3.0,0.0,1533.0,731.0,197.0,491.0,1102.0,15.0,43.0,41.0,2.0,6415.0,0.0,783.0,39.0,40.0,131.0,1503.3333333333333,4.376274944567627,0.43169398907103823,1.3463414634146342,9.17760532150776,1.179379157427938,2.9394678492239468,6.597339246119734,2.2443991853360488,247,0.0,0.0,0.0,0.0,20.43,0.0,0,0.0
daviswa01,Wade Davis,12,2009,2020,63.0,52.0,517.0,88.0,2.0,1.0,139.0,851.0,401.0,96.0,370.0,891.0,11.0,42.0,30.0,0.0,4009.0,245.0,425.0,10.0,22.0,72.0,947.6666666666666,3.808301090397468,0.5478260869565217,1.2884277172001408,8.081955680619066,0.9117129792472741,3.513893774182202,8.461836088638762,2.408108108108108,517,0.0,0.0,0.0,0.0,11.07,0.0,0,0.0
delarjo01,Jorge De La Rosa,15,2004,2018,104.0,87.0,430.0,241.0,2.0,0.0,1.0,1510.0,775.0,178.0,688.0,1273.0,42.0,96.0,58.0,11.0,6650.0,40.0,838.0,65.0,54.0,164.0,1522.6666666666667,4.580779334500876,0.5445026178010471,1.4435201401050788,8.925131348511382,1.0521015761821366,4.066549912434326,7.524299474605955,1.8502906976744187,430,0.0,0.0,0.0,0.0,14.87,0.0,0,0.0
detwiro01,Ross Detwiler,12,2007,2020,27.0,48.0,224.0,95.0,1.0,0.0,1.0,747.0,341.0,78.0,243.0,415.0,17.0,22.0,32.0,1.0,2960.0,31.0,387.0,32.0,18.0,80.0,673.3333333333334,4.557920792079208,0.36,1.4702970297029703,9.984653465346533,1.0425742574257426,3.248019801980198,5.547029702970297,1.7078189300411524,224,0.0,0.0,0.0,0.0,1.06,0.0,0,0.0
dickera01,R. A. Dickey,15,2001,2017,120.0,118.0,400.0,300.0,15.0,6.0,2.0,2033.0,930.0,264.0,663.0,1477.0,25.0,91.0,90.0,12.0,8791.0,35.0,1015.0,60.0,61.0,182.0,2073.6666666666665,4.036328564539463,0.5042016806722689,1.300112522102556,8.823501044848095,1.1457964957402347,2.8775116540749077,6.410384182607299,2.2277526395173455,400,0.0,0.0,1.0,1.0,23.04,0.0,0,0.0
duensbr01,Brian Duensing,10,2009,2018,46.0,38.0,484.0,61.0,2.0,2.0,3.0,804.0,355.0,78.0,258.0,523.0,26.0,24.0,19.0,0.0,3276.0,73.0,382.0,23.0,19.0,83.0,762.6666666666666,4.189248251748252,0.5476190476190477,1.3924825174825175,9.487762237762237,0.9204545454545455,3.0445804195804196,6.171765734265735,2.0271317829457365,484,0.0,0.0,0.0,0.0,6.36,0.0,0,0.0
duffyda01,Danny Duffy,10,2011,2020,64.0,65.0,221.0,192.0,1.0,0.0,1.0,1059.0,497.0,138.0,410.0,983.0,5.0,49.0,45.0,4.0,4722.0,7.0,526.0,21.0,28.0,91.0,1111.3333333333333,4.024895020995801,0.49612403100775193,1.3218356328734253,8.57618476304739,1.1175764847030594,3.3203359328134376,7.960707858428315,2.397560975609756,221,0.0,0.0,0.0,0.0,17.59,0.0,0,0.0
dukeza01,Zach Duke,15,2005,2019,69.0,91.0,570.0,169.0,6.0,3.0,4.0,1554.0,651.0,132.0,419.0,854.0,31.0,32.0,45.0,8.0,5915.0,67.0,714.0,72.0,38.0,161.0,1360.0,4.308088235294118,0.43125,1.450735294117647,10.283823529411764,0.8735294117647059,2.772794117647059,5.651470588235294,2.0381861575178997,570,0.0,0.0,0.0,0.0,10.660000000000002,0.0,0,0.0
dunnmi01,Mike Dunn,11,2009,2019,34.0,26.0,555.0,0.0,0.0,0.0,4.0,389.0,194.0,47.0,224.0,473.0,18.0,23.0,11.0,0.0,1899.0,89.0,211.0,12.0,21.0,27.0,436.0,4.004587155963303,0.5666666666666667,1.4059633027522935,8.029816513761467,0.9701834862385321,4.623853211009175,9.763761467889909,2.111607142857143,555,0.0,0.0,0.0,0.0,2.7000000000000006,0.0,0,0.0
estrama01,Marco Estrada,12,2008,2019,62.0,68.0,283.0,194.0,0.0,0.0,0.0,1125.0,596.0,199.0,395.0,1094.0,6.0,29.0,26.0,4.0,5220.0,22.0,626.0,26.0,29.0,47.0,1251.3333333333333,4.2866275972296215,0.47692307692307695,1.21470431539691,8.091369206180074,1.4312733084709646,2.840969632392115,7.868407032498668,2.769620253164557,283,0.0,0.0,0.0,0.0,12.229999999999997,0.0,0,0.0
evelada01,Dana Eveland,11,2005,2016,20.0,28.0,187.0,61.0,1.0,0.0,2.0,522.0,271.0,34.0,221.0,308.0,18.0,17.0,36.0,1.0,2050.0,32.0,280.0,5.0,18.0,57.0,446.3333333333333,5.46452576549664,0.4166666666666667,1.6646751306945482,10.525765496639284,0.6855862584017924,4.456310679611651,6.210604929051532,1.3936651583710407,187,0.0,0.0,0.0,0.0,-1.54,0.0,0,0.0
feldmsc01,Scott Feldman,13,2005,2017,78.0,84.0,342.0,204.0,5.0,3.0,0.0,1441.0,682.0,161.0,439.0,882.0,24.0,50.0,63.0,9.0,5936.0,45.0,753.0,30.0,52.0,143.0,1386.3333333333333,4.427506612166386,0.48148148148148145,1.3560952151959607,9.354893003125753,1.0452031738398655,2.849963933637894,5.725895647992306,2.009111617312073,342,0.0,0.0,0.0,0.0,8.179999999999998,0.0,0,0.0
fiersmi01,Mike Fiers,10,2011,2020,75.0,62.0,216.0,197.0,2.0,2.0,0.0,1104.0,513.0,180.0,336.0,990.0,7.0,60.0,49.0,2.0,4807.0,8.0,546.0,21.0,29.0,64.0,1141.6666666666667,4.044087591240876,0.5474452554744526,1.2613138686131387,8.703065693430656,1.418978102189781,2.648759124087591,7.804379562043795,2.9464285714285716,216,0.0,0.0,0.0,0.0,12.640000000000002,0.0,0,0.0
fistedo01,Doug Fister,10,2009,2018,83.0,92.0,242.0,226.0,8.0,2.0,1.0,1456.0,588.0,140.0,332.0,970.0,14.0,39.0,72.0,5.0,5976.0,6.0,655.0,27.0,34.0,141.0,1422.3333333333333,3.7206468244668387,0.4742857142857143,1.2570892898992267,9.213030232013125,0.8858682915397236,2.100773377079916,6.137801734239513,2.9216867469879517,242,0.0,0.0,0.0,0.0,19.370000000000005,0.0,0,0.0
floydga01,Gavin Floyd,13,2004,2016,74.0,76.0,243.0,196.0,5.0,1.0,0.0,1239.0,607.0,160.0,415.0,985.0,25.0,64.0,66.0,3.0,5344.0,17.0,664.0,32.0,36.0,132.0,1250.0,4.3704,0.49333333333333335,1.3232,8.9208,1.1520000000000001,2.988,7.0920000000000005,2.3734939759036147,243,0.0,0.0,0.0,0.0,16.37,0.0,0,0.0
francje01,Jeff Francis,11,2004,2015,72.0,82.0,254.0,217.0,3.0,2.0,1.0,1477.0,713.0,161.0,384.0,869.0,48.0,21.0,50.0,2.0,5645.0,18.0,746.0,56.0,46.0,116.0,1291.0,4.9705654531371035,0.4675324675324675,1.4415182029434548,10.296669248644461,1.1223857474825718,2.67699457784663,6.058094500387297,2.2630208333333335,254,0.0,0.0,0.0,0.0,10.150000000000002,0.0,0,0.0
frasoja01,Jason Frasor,12,2004,2015,35.0,35.0,679.0,0.0,0.0,0.0,36.0,568.0,251.0,56.0,283.0,615.0,32.0,38.0,23.0,4.0,2747.0,205.0,267.0,13.0,27.0,52.0,646.6666666666666,3.493298969072165,0.5,1.315979381443299,7.905154639175259,0.7793814432989692,3.938659793814433,8.559278350515465,2.1731448763250882,679,0.0,0.0,0.0,0.0,9.54,0.0,0,0.0
gallayo01,Yovani Gallardo,12,2007,2018,121.0,101.0,319.0,307.0,4.0,3.0,1.0,1770.0,820.0,205.0,710.0,1584.0,26.0,78.0,24.0,1.0,7793.0,6.0,878.0,66.0,47.0,152.0,1816.6666666666667,4.062385321100917,0.545045045045045,1.365137614678899,8.768807339449541,1.0155963302752293,3.51743119266055,7.847339449541284,2.230985915492958,319,0.0,0.0,0.0,0.0,19.060000000000002,0.0,0,0.0
garcija01,Santiago Casilla,15,2004,2018,42.0,31.0,655.0,0.0,0.0,0.0,144.0,552.0,236.0,58.0,277.0,583.0,33.0,56.0,38.0,3.0,2745.0,297.0,253.0,22.0,23.0,62.0,645.3333333333334,3.291322314049587,0.5753424657534246,1.2846074380165289,7.698347107438016,0.808884297520661,3.8631198347107434,8.130681818181817,2.104693140794224,655,0.0,0.0,0.0,0.0,9.08,0.0,0,0.0
garcija02,Jaime Garcia,10,2008,2018,70.0,62.0,218.0,188.0,4.0,4.0,0.0,1128.0,485.0,110.0,369.0,925.0,17.0,62.0,23.0,7.0,4809.0,8.0,552.0,37.0,26.0,135.0,1135.0,3.845814977973568,0.5303030303030303,1.318942731277533,8.944493392070484,0.8722466960352423,2.9259911894273127,7.334801762114537,2.5067750677506777,218,0.0,0.0,0.0,0.0,10.360000000000001,0.0,0,0.0
garzama01,Matt Garza,12,2006,2017,93.0,106.0,290.0,284.0,10.0,4.0,1.0,1681.0,777.0,198.0,581.0,1380.0,27.0,53.0,50.0,5.0,7313.0,4.0,876.0,58.0,49.0,146.0,1710.6666666666667,4.087879968823071,0.46733668341708545,1.3222915042868277,8.843920498830864,1.0416991426344504,3.0567030397505843,7.260327357755261,2.3752151462994835,290,0.0,0.0,0.0,0.0,14.350000000000001,0.0,0,0.0
gomezje01,Jeanmar Gomez,10,2010,2019,28.0,30.0,315.0,46.0,0.0,0.0,40.0,619.0,278.0,62.0,184.0,358.0,28.0,22.0,20.0,0.0,2425.0,130.0,307.0,13.0,32.0,59.0,555.3333333333334,4.505402160864346,0.4827586206896552,1.4459783913565425,10.031812725090035,1.0048019207683072,2.9819927971188473,5.801920768307323,1.9456521739130435,315,0.0,0.0,0.0,0.0,0.010000000000000064,0.0,0,0.0
gonzagi01,Gio Gonzalez,13,2008,2020,131.0,101.0,344.0,328.0,4.0,2.0,0.0,1744.0,795.0,171.0,815.0,1860.0,21.0,59.0,50.0,4.0,8242.0,4.0,857.0,60.0,46.0,150.0,1933.0,3.7015002586652868,0.5646551724137931,1.3238489394723227,8.120020693222969,0.7961717537506466,3.794619762027936,8.660113812726332,2.2822085889570554,344,0.0,0.0,0.0,0.0,30.04,0.0,0,0.0
gorzeto01,Tom Gorzelanny,12,2005,2016,50.0,53.0,314.0,121.0,1.0,1.0,2.0,890.0,432.0,98.0,387.0,714.0,19.0,26.0,33.0,3.0,3874.0,43.0,462.0,35.0,36.0,86.0,883.6666666666666,4.39984911354206,0.4854368932038835,1.4451150509241797,9.064503960769521,0.998113919275745,3.9415314975480955,7.271972840437572,1.8449612403100775,314,0.0,0.0,0.0,0.0,6.57,0.0,0,0.0
gregelu01,Luke Gregerson,11,2009,2019,35.0,36.0,646.0,0.0,0.0,0.0,66.0,503.0,216.0,54.0,177.0,621.0,30.0,30.0,18.0,2.0,2518.0,174.0,238.0,24.0,8.0,40.0,617.3333333333334,3.14902807775378,0.49295774647887325,1.101511879049676,7.333153347732181,0.787257019438445,2.5804535637149026,9.053455723542116,3.5084745762711864,646,0.0,0.0,0.0,0.0,6.420000000000001,0.0,0,0.0
greggke01,Kevin Gregg,13,2003,2015,30.0,46.0,594.0,8.0,0.0,0.0,177.0,673.0,339.0,78.0,329.0,661.0,21.0,52.0,29.0,1.0,3144.0,382.0,365.0,21.0,19.0,51.0,720.3333333333334,4.235539102267468,0.39473684210526316,1.3910226746876446,8.408607126330402,0.974548819990745,4.110596945858399,8.258676538639518,2.0091185410334345,594,0.0,0.0,0.0,0.0,4.65,0.0,0,0.0
greinza01,Zack Greinke,17,2004,2020,208.0,126.0,500.0,459.0,16.0,5.0,1.0,2728.0,1100.0,298.0,676.0,2689.0,25.0,89.0,70.0,6.0,12002.0,8.0,1181.0,79.0,49.0,224.0,2939.0,3.368492684586594,0.6227544910179641,1.1582170806396734,8.353861857774753,0.9125552909152773,2.070091867982307,8.234433480775774,3.977810650887574,500,0.0,0.0,1.0,4.0,67.13000000000001,0.0,0,0.0
grillja01,Jason Grilli,15,2000,2017,34.0,47.0,595.0,16.0,1.0,0.0,79.0,644.0,321.0,76.0,292.0,694.0,26.0,29.0,34.0,0.0,2969.0,199.0,339.0,21.0,23.0,47.0,684.6666666666666,4.219571567672834,0.41975308641975306,1.3670886075949369,8.46543330087634,0.9990262901655307,3.8383641674780917,9.122687439143135,2.3767123287671232,595,0.0,0.0,0.0,0.0,4.499999999999999,0.0,0,0.0
guerrja01,Javy Guerra,10,2011,2020,11.0,12.0,266.0,0.0,0.0,0.0,33.0,295.0,123.0,26.0,118.0,241.0,18.0,12.0,15.0,0.0,1288.0,111.0,131.0,13.0,10.0,27.0,296.6666666666667,3.731460674157303,0.4782608695652174,1.392134831460674,8.94943820224719,0.7887640449438202,3.5797752808988763,7.311235955056179,2.042372881355932,266,0.0,0.0,0.0,0.0,3.420000000000001,0.0,0,0.0
guthrje01,Jeremy Guthrie,13,2004,2017,91.0,109.0,306.0,273.0,8.0,2.0,0.0,1862.0,867.0,250.0,510.0,1046.0,16.0,33.0,88.0,5.0,7558.0,12.0,930.0,33.0,68.0,151.0,1765.3333333333333,4.420128398791541,0.455,1.343655589123867,9.492824773413897,1.274546827794562,2.6000755287009065,5.332703927492448,2.0509803921568626,306,0.0,0.0,0.0,0.0,18.74,0.0,0,0.0
hamelco01,Cole Hamels,15,2006,2020,163.0,122.0,423.0,422.0,17.0,7.0,0.0,2424.0,1027.0,310.0,767.0,2560.0,43.0,57.0,100.0,14.0,11115.0,0.0,1103.0,76.0,54.0,215.0,2698.0,3.425871015567087,0.5719298245614035,1.1827279466271312,8.08598962194218,1.0340993328391401,2.5585618977020017,8.539659006671608,3.33767926988266,423,0.0,0.0,0.0,0.0,58.4,0.0,0,0.0
hammeja01,Jason Hammel,13,2006,2018,96.0,114.0,377.0,298.0,2.0,1.0,4.0,1919.0,929.0,232.0,567.0,1428.0,30.0,77.0,71.0,6.0,7826.0,41.0,987.0,57.0,63.0,130.0,1810.3333333333333,4.618486466580741,0.45714285714285713,1.3732277665255017,9.540232001473026,1.1533787516111214,2.8188178972564906,7.099245074571902,2.5185185185185186,377,0.0,0.0,0.0,0.0,13.29,0.0,0,0.0
handbr01,Brad Hand,10,2011,2020,26.0,43.0,396.0,43.0,0.0,0.0,105.0,526.0,247.0,63.0,226.0,624.0,18.0,22.0,29.0,1.0,2554.0,179.0,266.0,21.0,11.0,47.0,608.6666666666666,3.65224534501643,0.37681159420289856,1.2354874041621031,7.777656078860899,0.9315443592552026,3.341730558598029,9.22672508214677,2.7610619469026547,396,0.0,0.0,0.0,0.0,7.62,0.0,0,0.0
happja01,J. A. Happ,14,2007,2020,123.0,92.0,324.0,298.0,4.0,3.0,0.0,1645.0,770.0,231.0,620.0,1539.0,16.0,43.0,38.0,5.0,7377.0,10.0,819.0,45.0,41.0,140.0,1741.3333333333333,3.979709035222052,0.5720930232558139,1.30072741194487,8.502105666156202,1.1939127105666156,3.2044410413476263,7.954249617151609,2.482258064516129,324,0.0,0.0,0.0,0.0,23.159999999999997,0.0,0,0.0
haranaa01,Aaron Harang,14,2002,2015,128.0,143.0,387.0,381.0,15.0,8.0,0.0,2445.0,1099.0,298.0,712.0,1842.0,54.0,76.0,63.0,3.0,9975.0,2.0,1177.0,112.0,67.0,160.0,2322.0,4.25968992248062,0.47232472324723246,1.359603789836348,9.476744186046512,1.1550387596899225,2.75968992248062,7.1395348837209305,2.587078651685393,387,0.0,0.0,0.0,0.0,23.820000000000004,0.0,0,0.0
harenda01,Dan Haren,13,2003,2015,153.0,131.0,391.0,380.0,16.0,6.0,1.0,2357.0,1009.0,305.0,500.0,2013.0,39.0,98.0,67.0,5.0,10022.0,4.0,1105.0,78.0,63.0,152.0,2419.6666666666665,3.7529962804794055,0.5387323943661971,1.180741148918584,8.766910042705607,1.134453781512605,1.8597602975616478,7.487394957983193,4.026,391,0.0,0.0,0.0,0.0,32.900000000000006,0.0,0,0.0
hawkila01,LaTroy Hawkins,21,1995,2015,75.0,94.0,1042.0,98.0,2.0,0.0,127.0,1607.0,702.0,163.0,456.0,983.0,35.0,70.0,21.0,7.0,6323.0,373.0,763.0,43.0,50.0,144.0,1467.3333333333333,4.305770104497956,0.4437869822485207,1.4059518400726942,9.856656065424808,0.9997728305315765,2.796910495229441,6.029304861426625,2.155701754385965,1042,0.0,0.0,0.0,0.0,17.97,0.0,0,0.0
hellije01,Jeremy Hellickson,10,2010,2019,76.0,75.0,232.0,224.0,3.0,2.0,0.0,1206.0,583.0,184.0,385.0,929.0,21.0,48.0,45.0,6.0,5338.0,2.0,626.0,27.0,33.0,105.0,1269.3333333333333,4.133665966386555,0.5033112582781457,1.2534138655462186,8.550945378151262,1.3046218487394958,2.729779411764706,6.586922268907563,2.412987012987013,232,1.0,0.0,0.0,1.0,11.45,0.0,0,0.0
hendrli01,Liam Hendriks,10,2011,2020,19.0,27.0,344.0,44.0,1.0,0.0,40.0,525.0,235.0,58.0,135.0,526.0,14.0,28.0,16.0,0.0,2185.0,100.0,260.0,6.0,18.0,39.0,516.3333333333334,4.096191091026468,0.41304347826086957,1.2782440284054228,9.151065203357003,1.010974822466107,2.353131052291801,9.16849580374435,3.8962962962962964,344,0.0,0.0,0.0,0.0,4.69,0.0,0,0.0
hernada01,David Hernandez,10,2009,2019,38.0,47.0,547.0,27.0,0.0,0.0,24.0,594.0,297.0,88.0,253.0,664.0,19.0,45.0,26.0,4.0,2774.0,129.0,311.0,14.0,15.0,35.0,648.6666666666666,4.1207605344296,0.4470588235294118,1.3057553956834533,8.2415210688592,1.2209660842754368,3.510277492291881,9.212744090441932,2.624505928853755,547,0.0,0.0,0.0,0.0,4.49,0.0,0,0.0
hernafe02,Felix Hernandez,15,2005,2019,169.0,136.0,419.0,418.0,25.0,11.0,0.0,2487.0,1037.0,264.0,805.0,2524.0,16.0,156.0,105.0,7.0,11284.0,0.0,1157.0,50.0,56.0,271.0,2729.6666666666665,3.4190987910611796,0.5540983606557377,1.2060080595921359,8.199902307974112,0.870435950665527,2.6541702283551105,8.321895225302235,3.1354037267080743,419,0.0,0.0,1.0,0.0,50.29,0.0,0,0.0
herreke01,Kelvin Herrera,10,2011,2020,27.0,32.0,522.0,0.0,0.0,0.0,61.0,458.0,183.0,50.0,160.0,510.0,17.0,26.0,16.0,4.0,2141.0,166.0,197.0,15.0,13.0,28.0,513.6666666666666,3.2063595068137576,0.4576271186440678,1.2031148604802078,8.024659312134979,0.8760545100584036,2.8033744321868914,8.935756002595717,3.1875,522,0.0,0.0,0.0,0.0,10.220000000000002,0.0,0,0.0
hillri01,Rich Hill,16,2005,2020,67.0,44.0,292.0,164.0,4.0,2.0,0.0,803.0,411.0,115.0,390.0,1035.0,21.0,19.0,53.0,5.0,4092.0,13.0,437.0,34.0,20.0,65.0,976.0,3.7899590163934427,0.6036036036036037,1.2223360655737705,7.404713114754098,1.0604508196721312,3.5963114754098364,9.54405737704918,2.6538461538461537,292,0.0,0.0,0.0,0.0,15.14,0.0,0,0.0
hollade01,Derek Holland,12,2009,2020,79.0,81.0,307.0,227.0,9.0,8.0,0.0,1431.0,725.0,214.0,513.0,1190.0,16.0,31.0,46.0,8.0,6090.0,26.0,791.0,39.0,37.0,130.0,1416.3333333333333,4.606966345022359,0.49375,1.3725582489997648,9.093198399623441,1.359849376323841,3.259825841374441,7.56177924217463,2.3196881091617936,307,0.0,0.0,0.0,0.0,8.399999999999999,0.0,0,0.0
hollagr01,Greg Holland,10,2010,2020,27.0,22.0,494.0,0.0,0.0,0.0,212.0,362.0,157.0,31.0,214.0,619.0,18.0,44.0,6.0,1.0,2008.0,329.0,174.0,13.0,11.0,38.0,487.3333333333333,2.899452804377565,0.5510204081632653,1.1819425444596443,6.685362517099864,0.5725034199726403,3.9521203830369362,11.431600547195623,2.892523364485981,494,0.0,0.0,0.0,0.0,12.59,0.0,0,0.0
howeljp01,J. P. Howell,12,2005,2017,36.0,30.0,547.0,33.0,0.0,0.0,22.0,561.0,264.0,59.0,270.0,566.0,14.0,35.0,32.0,4.0,2655.0,114.0,286.0,22.0,15.0,66.0,619.6666666666666,3.834319526627219,0.5454545454545454,1.3410435718128026,8.147928994082841,0.85691231845078,3.9214631522323833,8.220548682087143,2.096296296296296,547,0.0,0.0,0.0,0.0,7.859999999999999,0.0,0,0.0
hudsoda01,Daniel Hudson,11,2009,2020,52.0,37.0,400.0,61.0,3.0,0.0,27.0,662.0,309.0,77.0,234.0,644.0,11.0,31.0,33.0,1.0,3012.0,100.0,347.0,14.0,20.0,48.0,713.3333333333334,3.8985981308411213,0.5842696629213483,1.2560747663551401,8.35233644859813,0.9714953271028036,2.952336448598131,8.125233644859813,2.752136752136752,400,0.0,0.0,0.0,0.0,5.140000000000001,0.0,0,0.0
hudsoti01,Tim Hudson,17,1999,2015,222.0,133.0,482.0,479.0,26.0,13.0,0.0,2957.0,1213.0,248.0,917.0,2080.0,84.0,84.0,124.0,6.0,13005.0,0.0,1319.0,113.0,64.0,335.0,3126.6666666666665,3.491577825159915,0.6253521126760564,1.2390191897654586,8.511620469083157,0.7138592750533049,2.6395522388059702,5.9872068230277184,2.2682660850599783,482,0.0,0.0,0.0,0.0,56.54,0.0,0,0.0
hugheja02,Jared Hughes,10,2011,2020,30.0,26.0,542.0,0.0,0.0,0.0,12.0,480.0,178.0,47.0,190.0,371.0,25.0,29.0,40.0,0.0,2247.0,129.0,210.0,27.0,13.0,78.0,541.3333333333334,2.9593596059113296,0.5357142857142857,1.2376847290640394,7.980295566502463,0.7814039408866994,3.1588669950738915,6.168103448275861,1.9526315789473685,542,0.0,0.0,0.0,0.0,8.209999999999999,0.0,0,0.0
hugheph01,Phil Hughes,12,2007,2018,88.0,79.0,290.0,211.0,5.0,1.0,3.0,1384.0,648.0,191.0,313.0,1040.0,12.0,33.0,32.0,3.0,5496.0,25.0,684.0,18.0,45.0,85.0,1291.0,4.517428350116189,0.5269461077844312,1.3144848954298993,9.64833462432223,1.3315259488768396,2.182029434546863,7.250193648334624,3.3226837060702876,290,0.0,0.0,0.0,0.0,11.229999999999997,0.0,0,0.0
hunteto02,Tommy Hunter,13,2008,2020,56.0,45.0,472.0,75.0,2.0,0.0,22.0,877.0,391.0,119.0,194.0,591.0,13.0,14.0,27.0,2.0,3597.0,99.0,414.0,16.0,17.0,90.0,863.3333333333334,4.076061776061776,0.5544554455445545,1.2405405405405405,9.142471042471042,1.2405405405405405,2.0223938223938225,6.161003861003861,3.0463917525773194,472,0.0,0.0,0.0,0.0,10.709999999999997,0.0,0,0.0
jacksed01,Edwin Jackson,17,2003,2019,107.0,133.0,412.0,318.0,5.0,3.0,1.0,2094.0,1040.0,249.0,779.0,1508.0,39.0,108.0,39.0,8.0,8569.0,30.0,1135.0,69.0,54.0,174.0,1960.0,4.775510204081633,0.44583333333333336,1.4658163265306123,9.61530612244898,1.1433673469387755,3.5770408163265306,6.924489795918367,1.9358151476251604,412,0.0,0.0,0.0,0.0,7.989999999999996,0.0,0,0.0
janseke01,Kenley Jansen,11,2010,2020,33.0,22.0,632.0,0.0,0.0,0.0,312.0,414.0,169.0,59.0,168.0,936.0,8.0,13.0,24.0,8.0,2502.0,467.0,179.0,5.0,11.0,17.0,636.0,2.391509433962264,0.6,0.9150943396226415,5.8584905660377355,0.8349056603773585,2.3773584905660377,13.245283018867923,5.571428571428571,632,0.0,0.0,0.0,0.0,16.119999999999997,0.0,0,0.0
jeffrje01,Jeremy Jeffress,11,2010,2020,32.0,12.0,414.0,1.0,0.0,0.0,52.0,387.0,145.0,31.0,175.0,387.0,20.0,22.0,19.0,2.0,1793.0,144.0,160.0,14.0,6.0,64.0,424.3333333333333,3.07541241162608,0.7272727272727273,1.3244304791830324,8.20816967792616,0.657501963864886,3.7117046347211313,8.20816967792616,2.2114285714285713,414,0.0,0.0,0.0,0.0,8.77,0.0,0,0.0
jepseke01,Kevin Jepsen,10,2008,2018,18.0,33.0,469.0,0.0,0.0,0.0,27.0,400.0,185.0,37.0,169.0,373.0,22.0,37.0,9.0,0.0,1782.0,100.0,200.0,13.0,20.0,43.0,416.6666666666667,3.996,0.35294117647058826,1.3656,8.64,0.7991999999999999,3.6503999999999994,8.056799999999999,2.2071005917159763,469,0.0,0.0,0.0,0.0,1.6499999999999997,0.0,0,0.0
jimenub01,Ubaldo Jimenez,12,2006,2017,114.0,117.0,329.0,315.0,9.0,3.0,1.0,1757.0,901.0,186.0,848.0,1720.0,31.0,93.0,78.0,6.0,8094.0,4.0,968.0,43.0,38.0,147.0,1870.0,4.336363636363636,0.4935064935064935,1.393048128342246,8.456149732620322,0.8951871657754011,4.081283422459893,8.27807486631016,2.0283018867924527,329,0.0,0.0,0.0,0.0,20.990000000000006,0.0,0,0.0
johnsji04,Jim Johnson,13,2006,2018,38.0,46.0,674.0,2.0,0.0,0.0,178.0,704.0,297.0,54.0,237.0,531.0,27.0,33.0,36.0,3.0,3000.0,324.0,330.0,22.0,20.0,101.0,704.6666666666666,3.793282876064333,0.4523809523809524,1.3353831598864712,8.991485335856197,0.6896877956480606,3.026963103122044,6.781929990539262,2.240506329113924,674,0.0,0.0,0.0,0.0,8.149999999999999,0.0,0,0.0
kazmisc01,Scott Kazmir,12,2004,2016,108.0,96.0,298.0,297.0,3.0,1.0,0.0,1596.0,752.0,190.0,681.0,1608.0,16.0,74.0,68.0,6.0,7253.0,0.0,821.0,34.0,43.0,128.0,1689.6666666666667,4.0055237719471295,0.5294117647058824,1.3476030775300847,8.50108502663247,1.0120339317419609,3.6273426711382917,8.565002959163543,2.3612334801762116,298,0.0,0.0,0.0,0.0,23.009999999999998,0.0,0,0.0
kellesh01,Shawn Kelley,11,2009,2019,32.0,25.0,493.0,0.0,0.0,0.0,26.0,412.0,196.0,76.0,141.0,521.0,28.0,23.0,9.0,2.0,1932.0,155.0,209.0,11.0,17.0,16.0,464.6666666666667,3.7962697274031565,0.5614035087719298,1.1901004304160687,7.979913916786226,1.4720229555236728,2.7309899569583926,10.091104734576756,3.6950354609929077,493,0.0,0.0,0.0,0.0,4.2299999999999995,0.0,0,0.0
kendrky01,Kyle Kendrick,10,2007,2017,81.0,83.0,255.0,214.0,4.0,2.0,0.0,1424.0,671.0,177.0,371.0,705.0,28.0,19.0,64.0,6.0,5595.0,11.0,722.0,69.0,35.0,114.0,1289.3333333333333,4.683815925542916,0.49390243902439024,1.392192347466391,9.940020682523269,1.2355222337125131,2.58971044467425,4.9211478800413655,1.9002695417789757,255,0.0,0.0,0.0,0.0,4.37,0.0,0,0.0
kenneia01,Ian Kennedy,14,2007,2020,97.0,105.0,369.0,290.0,2.0,1.0,30.0,1688.0,818.0,253.0,601.0,1648.0,22.0,76.0,79.0,8.0,7565.0,53.0,879.0,69.0,51.0,101.0,1781.3333333333333,4.132859281437126,0.4801980198019802,1.2849925149700598,8.528443113772456,1.2782559880239521,3.0364895209580838,8.326347305389222,2.742096505823627,369,0.0,0.0,0.0,0.0,15.63,0.0,0,0.0
kershcl01,Clayton Kershaw,13,2008,2020,175.0,76.0,357.0,354.0,25.0,15.0,0.0,1756.0,631.0,181.0,585.0,2526.0,27.0,88.0,34.0,20.0,9179.0,1.0,690.0,86.0,27.0,161.0,2333.0,2.4342048864123447,0.6972111553784861,1.0034290612944707,6.774110587226747,0.6982426060865837,2.256750964423489,9.744534933561937,4.317948717948718,357,0.0,1.0,3.0,1.0,67.0,0.0,0,0.0
kimbrcr01,Craig Kimbrel,11,2010,2020,31.0,24.0,583.0,0.0,0.0,0.0,348.0,316.0,137.0,46.0,229.0,926.0,6.0,48.0,23.0,0.0,2252.0,477.0,146.0,7.0,4.0,24.0,568.6666666666666,2.168229777256741,0.5636363636363636,0.9583821805392733,5.001172332942556,0.7280187573270809,3.6242672919109027,14.655334114888628,4.043668122270742,583,1.0,0.0,0.0,0.0,19.43,0.0,0,0.0
kintzbr01,Brandon Kintzler,11,2010,2020,22.0,23.0,454.0,0.0,0.0,0.0,61.0,440.0,165.0,40.0,121.0,313.0,21.0,7.0,14.0,1.0,1849.0,161.0,179.0,11.0,11.0,68.0,448.6666666666667,3.3098068350668646,0.4888888888888889,1.25037147102526,8.826151560178305,0.8023774145616642,2.427191679049034,6.278603268945022,2.5867768595041323,454,0.0,0.0,0.0,0.0,7.5,0.0,0,0.0
klubeco01,Corey Kluber,10,2011,2020,98.0,58.0,209.0,204.0,17.0,7.0,0.0,1165.0,471.0,132.0,293.0,1462.0,9.0,25.0,46.0,2.0,5401.0,3.0,518.0,29.0,14.0,98.0,1342.6666666666667,3.157149950347567,0.6282051282051282,1.0858987090367427,7.809086395233366,0.8848063555114201,1.9640019860973188,9.799900695134061,4.989761092150171,209,0.0,0.0,2.0,0.0,32.29,0.0,0,0.0
lackejo01,John Lackey,15,2002,2017,188.0,147.0,448.0,446.0,18.0,8.0,0.0,2862.0,1237.0,319.0,815.0,2294.0,32.0,125.0,133.0,12.0,12030.0,0.0,1347.0,72.0,72.0,259.0,2840.3333333333335,3.9196103743692055,0.5611940298507463,1.2945663654500645,9.068653913859874,1.0107968548292452,2.582443375190705,7.268865156671751,2.8147239263803683,448,0.0,0.0,0.0,0.0,38.08,0.0,0,0.0
leakemi01,Mike Leake,10,2010,2019,105.0,98.0,301.0,296.0,6.0,2.0,0.0,1940.0,824.0,238.0,403.0,1231.0,29.0,33.0,68.0,3.0,7693.0,2.0,905.0,51.0,53.0,188.0,1829.0,4.054674685620558,0.5172413793103449,1.2810278840896665,9.546200109349371,1.1711317659923455,1.9830508474576272,6.057408419901586,3.054590570719603,301,0.0,0.0,0.0,0.0,14.2,0.0,0,0.0
leblawa01,Wade LeBlanc,12,2008,2020,46.0,47.0,240.0,120.0,0.0,0.0,3.0,921.0,446.0,142.0,266.0,642.0,18.0,8.0,19.0,2.0,3758.0,39.0,471.0,24.0,20.0,67.0,882.3333333333334,4.549301095579902,0.4946236559139785,1.3452965621458255,9.394408764639214,1.448432187381942,2.7132602946732147,6.54854552323385,2.4135338345864663,240,0.0,0.0,0.0,0.0,4.29,0.0,0,0.0
lestejo01,Jon Lester,15,2006,2020,193.0,111.0,424.0,423.0,15.0,4.0,0.0,2451.0,1040.0,269.0,837.0,2397.0,8.0,63.0,87.0,1.0,10860.0,0.0,1131.0,55.0,62.0,236.0,2598.6666666666665,3.601847101077476,0.6348684210526315,1.2652642380708057,8.488583889173936,0.9316316059517702,2.898794253463315,8.301564905079529,2.8637992831541217,424,0.0,0.0,0.0,0.0,44.96,0.0,0,0.0
lewisco01,Colby Lewis,11,2002,2016,77.0,72.0,233.0,195.0,10.0,3.0,0.0,1255.0,635.0,178.0,377.0,961.0,14.0,33.0,51.0,3.0,5226.0,13.0,681.0,20.0,38.0,80.0,1215.0,4.703703703703703,0.5167785234899329,1.34320987654321,9.296296296296298,1.3185185185185186,2.7925925925925927,7.118518518518519,2.5490716180371353,233,0.0,0.0,0.0,0.0,8.85,0.0,0,0.0
linceti01,Tim Lincecum,10,2007,2016,110.0,89.0,278.0,270.0,10.0,7.0,1.0,1506.0,699.0,147.0,669.0,1736.0,33.0,107.0,44.0,7.0,7120.0,3.0,746.0,79.0,39.0,111.0,1682.0,3.740190249702735,0.5527638190954773,1.293103448275862,8.058263971462544,0.786563614744352,3.579667063020214,9.288941736028537,2.5949177877429,278,0.0,0.0,2.0,0.0,19.910000000000004,0.0,0,0.0
liriafr01,Francisco Liriano,14,2005,2019,112.0,114.0,419.0,300.0,3.0,1.0,1.0,1649.0,837.0,184.0,816.0,1815.0,15.0,100.0,62.0,8.0,7781.0,19.0,911.0,43.0,50.0,181.0,1813.6666666666667,4.153464436684433,0.49557522123893805,1.3591251608160264,8.182870795809594,0.9130674508362433,4.049255651534644,9.006616430803161,2.224264705882353,419,0.0,0.0,0.0,0.0,17.79,0.0,0,0.0
loganbo02,Boone Logan,13,2006,2018,30.0,23.0,635.0,0.0,0.0,0.0,3.0,449.0,221.0,55.0,199.0,479.0,37.0,23.0,22.0,0.0,1970.0,104.0,242.0,18.0,19.0,35.0,442.0,4.5,0.5660377358490566,1.4660633484162895,9.142533936651583,1.1199095022624435,4.052036199095022,9.75339366515837,2.407035175879397,635,0.0,0.0,0.0,0.0,2.2800000000000002,0.0,0,0.0
lohseky01,Kyle Lohse,16,2001,2016,147.0,143.0,457.0,418.0,12.0,9.0,2.0,2711.0,1239.0,316.0,694.0,1615.0,34.0,57.0,87.0,4.0,10839.0,15.0,1327.0,99.0,78.0,191.0,2531.6666666666665,4.404608294930876,0.506896551724138,1.3449637919684003,9.637524687294272,1.123370638578012,2.4671494404213297,5.7412771560237,2.3270893371757926,457,0.0,0.0,0.0,0.0,19.430000000000003,0.0,0,0.0
lopezja02,Javier Lopez,14,2003,2016,30.0,17.0,839.0,0.0,0.0,0.0,14.0,484.0,206.0,26.0,235.0,358.0,38.0,16.0,27.0,3.0,2273.0,163.0,227.0,19.0,10.0,75.0,533.3333333333334,3.47625,0.6382978723404256,1.3481249999999998,8.1675,0.43875,3.9656249999999997,6.041249999999999,1.523404255319149,839,0.0,0.0,0.0,0.0,8.06,0.0,0,0.0
lowema01,Mark Lowe,11,2006,2016,10.0,27.0,382.0,0.0,0.0,0.0,6.0,386.0,181.0,47.0,163.0,352.0,15.0,22.0,8.0,2.0,1683.0,110.0,214.0,7.0,21.0,30.0,385.6666666666667,4.223854796888505,0.2702702702702703,1.4235090751944683,9.007778738115816,1.096802074330164,3.8038029386343992,8.214347450302506,2.1595092024539877,382,0.0,0.0,0.0,0.0,0.10000000000000009,0.0,0,0.0
lylesjo01,Jordan Lyles,10,2011,2020,44.0,66.0,257.0,152.0,1.0,1.0,2.0,1058.0,561.0,134.0,338.0,732.0,16.0,36.0,46.0,3.0,4276.0,32.0,622.0,29.0,27.0,79.0,967.3333333333334,5.219503790489318,0.4,1.4431426602343211,9.843556168159889,1.2467263955892487,3.1447277739490005,6.810475534114403,2.165680473372781,257,0.0,0.0,0.0,0.0,-2.1100000000000003,0.0,0,0.0
madsory01,Ryan Madson,13,2003,2018,61.0,48.0,740.0,18.0,0.0,0.0,91.0,830.0,336.0,82.0,250.0,775.0,44.0,40.0,44.0,5.0,3631.0,236.0,358.0,36.0,24.0,80.0,869.6666666666666,3.4771943273284784,0.5596330275229358,1.241855116903028,8.589497891912611,0.8486009965504024,2.587198160214642,8.02031429666539,3.1,740,0.0,0.0,0.0,0.0,13.83,0.0,0,0.0
marquja01,Jason Marquis,15,2000,2015,124.0,118.0,377.0,318.0,8.0,5.0,1.0,2079.0,1008.0,253.0,769.0,1174.0,41.0,56.0,88.0,9.0,8623.0,26.0,1114.0,94.0,61.0,216.0,1968.3333333333333,4.608975444538526,0.512396694214876,1.446909398814564,9.506011854360713,1.1568162574089755,3.516172734970364,5.3679932260795935,1.5266579973992198,377,0.0,0.0,0.0,0.0,4.3100000000000005,0.0,0,0.0
mccarbr01,Brandon McCarthy,13,2005,2018,69.0,75.0,255.0,197.0,9.0,4.0,0.0,1268.0,571.0,145.0,323.0,908.0,20.0,26.0,28.0,3.0,5163.0,13.0,617.0,34.0,38.0,104.0,1223.6666666666667,4.199673113593026,0.4791666666666667,1.300190683737401,9.326069190956142,1.0664669027512939,2.3756469626804684,6.678289294470171,2.8111455108359134,255,0.0,0.0,0.0,0.0,10.39,0.0,0,0.0
mcgeeja01,Jake McGee,11,2010,2020,28.0,23.0,546.0,0.0,0.0,0.0,45.0,415.0,190.0,57.0,134.0,530.0,15.0,23.0,14.0,1.0,1957.0,129.0,200.0,7.0,11.0,29.0,475.6666666666667,3.594954449894884,0.5490196078431373,1.1541695865451997,7.852137351086195,1.0784863349684652,2.5353889278206023,10.02803083391731,3.955223880597015,546,0.0,0.0,0.0,0.0,7.349999999999999,0.0,0,0.0
mcgowdu01,Dustin McGowan,10,2005,2017,35.0,34.0,290.0,69.0,3.0,1.0,2.0,619.0,325.0,78.0,279.0,540.0,21.0,46.0,26.0,1.0,2818.0,62.0,357.0,6.0,27.0,49.0,650.3333333333334,4.497693490517682,0.5072463768115942,1.380830343413634,8.566376217324448,1.0794464377242439,3.861096873398257,7.473090722706304,1.935483870967742,290,0.0,0.0,0.0,0.0,1.8499999999999999,0.0,0,0.0
melanma01,Mark Melancon,12,2009,2020,30.0,27.0,606.0,0.0,0.0,0.0,205.0,540.0,192.0,35.0,146.0,549.0,17.0,35.0,23.0,0.0,2469.0,353.0,218.0,6.0,10.0,55.0,606.0,2.8514851485148514,0.5263157894736842,1.132013201320132,8.01980198019802,0.5198019801980198,2.1683168316831685,8.153465346534654,3.76027397260274,606,0.0,0.0,0.0,0.0,11.77,0.0,0,0.0
mileywa01,Wade Miley,10,2011,2020,85.0,85.0,255.0,249.0,2.0,1.0,0.0,1466.0,668.0,158.0,499.0,1127.0,10.0,53.0,36.0,7.0,6095.0,2.0,713.0,38.0,34.0,134.0,1418.0,4.239774330042313,0.5,1.3857545839210155,9.304654442877291,1.002820874471086,3.1671368124118477,7.153032440056418,2.258517034068136,255,0.0,0.0,0.0,0.0,10.279999999999998,0.0,0,0.0
millean01,Andrew Miller,15,2006,2020,55.0,55.0,572.0,66.0,0.0,0.0,63.0,691.0,352.0,75.0,367.0,939.0,13.0,43.0,56.0,2.0,3455.0,141.0,394.0,37.0,29.0,56.0,793.0,3.994955863808323,0.5,1.334174022698613,7.842370744010089,0.8511979823455234,4.1651954602774275,10.656998738965953,2.55858310626703,572,0.0,0.0,0.0,0.0,8.57,0.0,0,0.0
milonto01,Tommy Milone,10,2011,2020,51.0,51.0,183.0,145.0,2.0,0.0,2.0,994.0,463.0,154.0,218.0,688.0,17.0,11.0,20.0,1.0,3914.0,8.0,519.0,22.0,32.0,60.0,913.6666666666666,4.560744253921927,0.5,1.3265231667274717,9.791317037577526,1.5169646114556732,2.1473914629697193,6.777088653775994,3.1559633027522938,183,0.0,0.0,0.0,0.0,4.31,0.0,0,0.0
moralfr01,Franklin Morales,10,2007,2016,23.0,30.0,305.0,47.0,0.0,0.0,11.0,483.0,248.0,61.0,223.0,385.0,19.0,25.0,28.0,18.0,2152.0,68.0,267.0,21.0,19.0,43.0,490.0,4.555102040816326,0.4339622641509434,1.4408163265306122,8.871428571428572,1.120408163265306,4.095918367346939,7.071428571428571,1.7264573991031391,305,0.0,0.0,0.0,0.0,1.8099999999999998,0.0,0,0.0
morrobr01,Brandon Morrow,12,2007,2018,51.0,43.0,334.0,113.0,4.0,4.0,40.0,761.0,378.0,88.0,368.0,877.0,11.0,40.0,27.0,2.0,3653.0,95.0,406.0,17.0,27.0,50.0,859.0,3.9604190919674043,0.5425531914893617,1.3143189755529685,7.973224679860302,0.9220023282887078,3.8556461001164144,9.188591385331781,2.3831521739130435,334,0.0,0.0,0.0,0.0,11.459999999999999,0.0,0,0.0
mortoch02,Charlie Morton,13,2008,2020,93.0,89.0,259.0,258.0,3.0,2.0,0.0,1402.0,653.0,122.0,518.0,1276.0,21.0,54.0,121.0,5.0,6200.0,0.0,728.0,51.0,37.0,151.0,1439.3333333333333,4.083140342751274,0.510989010989011,1.333950903195924,8.766558591940713,0.7628531727651691,3.2389995368226034,7.978693839740622,2.4633204633204633,259,0.0,0.0,0.0,0.0,10.16,0.0,0,0.0
moylape01,Peter Moylan,12,2006,2018,24.0,10.0,499.0,0.0,0.0,0.0,4.0,370.0,144.0,30.0,180.0,324.0,34.0,14.0,21.0,1.0,1768.0,74.0,170.0,18.0,15.0,62.0,418.6666666666667,3.095541401273885,0.7058823529411765,1.3136942675159236,7.953821656050955,0.6449044585987261,3.869426751592356,6.964968152866241,1.8,499,0.0,0.0,0.0,0.0,5.99,0.0,0,0.0
mujiced01,Edward Mujica,11,2006,2017,24.0,28.0,499.0,4.0,0.0,0.0,50.0,562.0,241.0,80.0,89.0,430.0,20.0,9.0,7.0,5.0,2254.0,180.0,257.0,15.0,18.0,54.0,553.0,3.9222423146473777,0.46153846153846156,1.1772151898734178,9.146473779385172,1.301989150090416,1.4484629294755875,6.998191681735985,4.831460674157303,499,0.0,0.0,0.0,0.0,3.829999999999999,0.0,0,0.0
nathajo01,Joe Nathan,16,1999,2016,64.0,34.0,787.0,29.0,0.0,0.0,377.0,690.0,294.0,84.0,344.0,976.0,31.0,47.0,23.0,2.0,3771.0,587.0,317.0,25.0,24.0,49.0,923.3333333333334,2.8657039711191334,0.6530612244897959,1.11985559566787,6.725631768953068,0.8187725631768953,3.3530685920577614,9.513357400722022,2.8372093023255816,787,0.0,0.0,0.0,0.0,26.370000000000005,0.0,0,0.0
neshepa01,Pat Neshek,13,2006,2019,36.0,25.0,544.0,0.0,0.0,0.0,16.0,375.0,153.0,57.0,133.0,471.0,21.0,9.0,9.0,0.0,1959.0,119.0,167.0,17.0,20.0,24.0,488.0,2.8217213114754096,0.5901639344262295,1.040983606557377,6.915983606557377,1.0512295081967213,2.4528688524590163,8.686475409836065,3.5413533834586466,544,0.0,0.0,0.0,0.0,10.71,0.0,0,0.0
nicasju01,Juan Nicasio,10,2011,2020,40.0,46.0,364.0,82.0,0.0,0.0,9.0,769.0,377.0,83.0,260.0,668.0,28.0,20.0,22.0,4.0,3143.0,59.0,402.0,25.0,17.0,49.0,720.3333333333334,4.710319296621934,0.46511627906976744,1.4285053216103656,9.608051827857473,1.0370198981952798,3.2484960666358167,8.346136048125867,2.5692307692307694,364,0.0,0.0,0.0,0.0,2.8600000000000003,0.0,0,0.0
nolasri01,Ricky Nolasco,12,2006,2017,114.0,118.0,330.0,312.0,12.0,6.0,0.0,2045.0,957.0,239.0,460.0,1513.0,45.0,52.0,56.0,5.0,8059.0,1.0,1023.0,83.0,63.0,142.0,1887.6666666666667,4.562775913826594,0.49137931034482757,1.327035140384955,9.750132438636765,1.1395020307257635,2.1931838248278295,7.213667667314144,3.2891304347826087,330,0.0,0.0,0.0,0.0,13.170000000000003,0.0,0,0.0
norribu01,Bud Norris,10,2009,2018,67.0,90.0,355.0,188.0,0.0,0.0,47.0,1220.0,604.0,156.0,485.0,1153.0,25.0,50.0,56.0,4.0,5304.0,87.0,654.0,38.0,27.0,88.0,1221.3333333333333,4.450873362445415,0.4267515923566879,1.3960152838427948,8.990174672489083,1.1495633187772927,3.5739628820960703,8.496451965065503,2.377319587628866,355,0.0,0.0,0.0,0.0,5.01,0.0,0,0.0
novaiv01,Ivan Nova,11,2010,2020,90.0,77.0,240.0,227.0,10.0,3.0,1.0,1463.0,656.0,185.0,368.0,963.0,19.0,64.0,69.0,3.0,5778.0,9.0,702.0,29.0,35.0,149.0,1347.6666666666667,4.380905268365075,0.5389221556886228,1.3586445708632202,9.770220133564184,1.2354687113529557,2.4575810042047985,6.4311155082859255,2.6168478260869565,240,0.0,0.0,0.0,0.0,13.499999999999998,0.0,0,0.0
odayda01,Darren O'Day,13,2008,2020,40.0,19.0,604.0,0.0,0.0,0.0,21.0,430.0,161.0,59.0,158.0,600.0,22.0,3.0,48.0,2.0,2321.0,151.0,173.0,10.0,14.0,40.0,576.6666666666666,2.5127167630057805,0.6779661016949152,1.0196531791907515,6.710982658959538,0.9208092485549133,2.465895953757226,9.364161849710984,3.7974683544303796,604,0.0,0.0,0.0,0.0,17.08,0.0,0,0.0
oflaher01,Eric O'Flaherty,12,2006,2017,23.0,15.0,496.0,0.0,0.0,0.0,1.0,407.0,171.0,28.0,153.0,318.0,27.0,21.0,25.0,1.0,1796.0,68.0,191.0,18.0,9.0,40.0,416.3333333333333,3.6965572457966376,0.6052631578947368,1.345076060848679,8.798238590872698,0.6052842273819055,3.3074459567654126,6.874299439551641,2.0784313725490198,496,0.0,0.0,0.0,0.0,3.7700000000000005,0.0,0,0.0
ottavad01,Adam Ottavino,10,2010,2020,25.0,28.0,463.0,3.0,0.0,0.0,19.0,430.0,195.0,48.0,223.0,577.0,24.0,45.0,23.0,2.0,2118.0,89.0,209.0,13.0,20.0,49.0,497.6666666666667,3.5264567983924984,0.4716981132075472,1.3121232417950435,7.776289350301406,0.8680509042196918,4.032819825853985,10.434695244474213,2.587443946188341,463,0.0,0.0,0.0,0.0,10.74,0.0,0,0.0
papeljo01,Jonathan Papelbon,12,2005,2016,41.0,36.0,689.0,3.0,0.0,0.0,368.0,572.0,197.0,57.0,185.0,808.0,18.0,14.0,34.0,1.0,2938.0,585.0,226.0,21.0,11.0,28.0,725.6666666666666,2.443270555810749,0.5324675324675324,1.043178686265503,7.094166283876895,0.7069361506660543,2.2944418925126318,10.021129995406524,4.367567567567567,689,0.0,0.0,0.0,0.0,23.29,0.0,0,0.0
peavyja01,Jake Peavy,15,2002,2016,152.0,126.0,388.0,377.0,15.0,6.0,0.0,2134.0,960.0,259.0,708.0,2207.0,42.0,46.0,78.0,14.0,9838.0,3.0,1011.0,63.0,62.0,166.0,2377.0,3.6348338241480858,0.5467625899280576,1.1956247370635253,8.079932688262517,0.9806478754732857,2.6806899453092132,8.35633151030711,3.117231638418079,388,0.0,0.0,1.0,0.0,37.20000000000001,0.0,0,0.0
pelfrmi01,Mike Pelfrey,12,2006,2017,68.0,103.0,275.0,256.0,4.0,0.0,1.0,1687.0,767.0,139.0,542.0,838.0,27.0,23.0,81.0,9.0,6531.0,5.0,827.0,62.0,46.0,183.0,1476.3333333333333,4.6757733122601035,0.39766081871345027,1.5098216301648228,10.284262813276134,0.8473696093926395,3.3041318582072705,5.108602393316776,1.5461254612546125,275,0.0,0.0,0.0,0.0,6.5200000000000005,0.0,0,0.0
peraljo01,Joel Peralta,12,2005,2016,20.0,35.0,620.0,0.0,0.0,0.0,15.0,566.0,290.0,95.0,185.0,612.0,23.0,22.0,13.0,0.0,2657.0,140.0,303.0,14.0,18.0,39.0,648.0,4.027777777777778,0.36363636363636365,1.1589506172839505,7.861111111111111,1.3194444444444446,2.569444444444444,8.5,3.308108108108108,620,0.0,0.0,0.0,0.0,4.050000000000001,0.0,0,0.0
perezol01,Oliver Perez,18,2002,2020,73.0,92.0,691.0,195.0,3.0,2.0,5.0,1323.0,705.0,197.0,760.0,1541.0,39.0,58.0,87.0,8.0,6422.0,80.0,773.0,56.0,51.0,109.0,1458.0,4.351851851851852,0.44242424242424244,1.4286694101508917,8.166666666666668,1.2160493827160492,4.6913580246913575,9.512345679012345,2.0276315789473682,691,0.0,0.0,0.0,0.0,10.639999999999997,0.0,0,0.0
perkigl01,Glen Perkins,12,2006,2017,35.0,25.0,409.0,44.0,0.0,0.0,120.0,646.0,269.0,74.0,158.0,504.0,13.0,21.0,22.0,2.0,2635.0,228.0,290.0,23.0,21.0,55.0,624.3333333333334,3.8777362520021357,0.5833333333333334,1.2877736252002134,9.312333155365723,1.0667378537106245,2.2776294714361986,7.265349706353443,3.189873417721519,409,0.0,0.0,0.0,0.0,8.969999999999999,0.0,0,0.0
petityu01,Yusmeiro Petit,13,2006,2020,42.0,41.0,437.0,59.0,2.0,1.0,6.0,764.0,361.0,125.0,193.0,730.0,24.0,16.0,4.0,3.0,3386.0,94.0,379.0,19.0,24.0,40.0,826.0,3.933414043583535,0.5060240963855421,1.158595641646489,8.324455205811137,1.3619854721549636,2.1029055690072638,7.953995157384988,3.7823834196891193,437,0.0,0.0,0.0,0.0,8.35,0.0,0,0.0
pomerdr01,Drew Pomeranz,10,2011,2020,47.0,58.0,262.0,140.0,0.0,0.0,9.0,767.0,368.0,108.0,359.0,853.0,8.0,32.0,23.0,3.0,3566.0,28.0,397.0,22.0,25.0,80.0,832.6666666666666,3.9775820656525225,0.44761904761904764,1.3522818254603683,8.2902321857486,1.167333867093675,3.880304243394716,9.219775820656526,2.3760445682451254,262,0.0,0.0,0.0,0.0,11.89,0.0,0,0.0
porceri01,Rick Porcello,12,2009,2020,150.0,125.0,355.0,351.0,10.0,3.0,0.0,2270.0,1025.0,260.0,489.0,1561.0,17.0,70.0,84.0,9.0,8912.0,2.0,1122.0,30.0,40.0,210.0,2096.3333333333335,4.400540626490698,0.5454545454545454,1.316107489266974,9.745587533789156,1.1162346955000795,2.0993798696136112,6.7017013833677845,3.192229038854806,355,0.0,0.0,1.0,0.0,19.81,0.0,0,0.0
priceda01,David Price,12,2008,2019,150.0,80.0,321.0,311.0,17.0,3.0,0.0,1813.0,746.0,207.0,527.0,1981.0,12.0,39.0,59.0,5.0,8314.0,1.0,819.0,31.0,43.0,144.0,2029.6666666666667,3.3079323370011493,0.6521739130434783,1.152898669732304,8.039251108556412,0.9178847101330267,2.336836919034324,8.784201018229593,3.7590132827324476,321,0.0,0.0,1.0,0.0,39.720000000000006,0.0,0,0.0
quallch01,Chad Qualls,14,2004,2017,52.0,48.0,844.0,0.0,0.0,0.0,74.0,819.0,349.0,83.0,211.0,624.0,42.0,28.0,32.0,0.0,3397.0,274.0,382.0,41.0,25.0,96.0,807.3333333333334,3.890586292320396,0.52,1.2758051197357556,9.130057803468208,0.9252683732452518,2.3521882741535918,6.956234516928158,2.957345971563981,844,0.0,0.0,0.0,0.0,5.86,0.0,0,0.0
richacl01,Clayton Richard,11,2008,2019,69.0,84.0,275.0,210.0,5.0,3.0,1.0,1398.0,644.0,149.0,438.0,824.0,26.0,43.0,40.0,14.0,5543.0,16.0,711.0,38.0,28.0,164.0,1284.6666666666667,4.511676180591593,0.45098039215686275,1.4291645044110015,9.793980280228334,1.0438505448884277,3.0685002594706794,5.772703684483653,1.8812785388127853,275,0.0,0.0,0.0,0.0,1.2200000000000002,0.0,0,0.0
richaga01,Garrett Richards,10,2011,2020,47.0,41.0,187.0,128.0,3.0,2.0,2.0,719.0,324.0,71.0,291.0,702.0,9.0,78.0,20.0,1.0,3377.0,14.0,373.0,22.0,21.0,74.0,804.6666666666666,3.623860811930406,0.5340909090909091,1.2551781275890639,8.041839270919636,0.7941176470588236,3.2547638773819387,7.8516984258492135,2.4123711340206184,187,0.0,0.0,0.0,0.0,8.56,0.0,0,0.0
roberda08,David Robertson,12,2008,2019,53.0,33.0,661.0,0.0,0.0,0.0,137.0,500.0,214.0,57.0,266.0,880.0,30.0,40.0,14.0,4.0,2733.0,276.0,228.0,17.0,11.0,28.0,663.6666666666666,2.902059266700151,0.6162790697674418,1.1541938724259166,6.7805123053741845,0.772978402812657,3.607232546459066,11.933701657458565,3.308270676691729,661,0.0,0.0,0.0,0.0,15.790000000000001,0.0,0,0.0
rodnefe01,Fernando Rodney,17,2002,2019,48.0,71.0,951.0,0.0,0.0,0.0,327.0,817.0,394.0,73.0,464.0,943.0,38.0,65.0,52.0,3.0,4064.0,590.0,433.0,37.0,19.0,75.0,933.0,3.8006430868167205,0.40336134453781514,1.3729903536977492,7.881028938906752,0.7041800643086816,4.47588424437299,9.096463022508038,2.0323275862068964,951,0.0,0.0,0.0,0.0,7.41,0.0,0,0.0
rodrifr03,Francisco Rodriguez,16,2002,2017,52.0,53.0,948.0,0.0,0.0,0.0,437.0,738.0,310.0,98.0,389.0,1142.0,42.0,68.0,17.0,2.0,4011.0,677.0,336.0,24.0,22.0,48.0,976.0,2.858606557377049,0.49523809523809526,1.1547131147540983,6.805327868852459,0.9036885245901639,3.587090163934426,10.530737704918034,2.93573264781491,948,0.0,0.0,0.0,0.0,24.070000000000004,0.0,0,0.0
rodriwa01,Wandy Rodriguez,11,2005,2015,97.0,98.0,275.0,263.0,2.0,2.0,0.0,1560.0,710.0,185.0,534.0,1281.0,37.0,38.0,53.0,9.0,6671.0,3.0,796.0,49.0,40.0,152.0,1557.3333333333333,4.103167808219179,0.49743589743589745,1.3446061643835616,9.01541095890411,1.0691352739726028,3.0860445205479454,7.403039383561644,2.398876404494382,275,0.0,0.0,0.0,0.0,13.950000000000001,0.0,0,0.0
romose01,Sergio Romo,13,2008,2020,41.0,34.0,732.0,5.0,0.0,0.0,134.0,504.0,211.0,69.0,152.0,715.0,18.0,19.0,25.0,2.0,2581.0,278.0,226.0,17.0,12.0,30.0,643.0,2.9533437013996893,0.5466666666666666,1.0202177293934682,7.05443234836703,0.9657853810264385,2.1275272161741836,10.007776049766719,4.703947368421052,732,0.0,0.0,0.0,0.0,10.479999999999999,0.0,0,0.0
rossty01,Tyson Ross,10,2010,2019,44.0,70.0,203.0,142.0,3.0,1.0,1.0,840.0,406.0,73.0,388.0,816.0,17.0,52.0,45.0,1.0,3855.0,21.0,451.0,24.0,27.0,95.0,904.6666666666666,4.039056742815033,0.38596491228070173,1.3574060427413412,8.356669123065586,0.7262343404568903,3.8599852616064854,8.117907148120855,2.1030927835051547,203,0.0,0.0,0.0,0.0,6.129999999999999,0.0,0,0.0
rzepcma01,Marc Rzepczynski,10,2009,2018,14.0,27.0,506.0,23.0,0.0,0.0,2.0,419.0,188.0,36.0,205.0,409.0,29.0,30.0,25.0,2.0,1892.0,68.0,218.0,10.0,9.0,64.0,434.6666666666667,3.892638036809816,0.34146341463414637,1.4355828220858895,8.675613496932515,0.7453987730061349,4.24463190184049,8.468558282208589,1.9951219512195122,506,0.0,0.0,0.0,0.0,2.99,0.0,0,0.0
sabatcc01,CC Sabathia,19,2001,2019,251.0,161.0,561.0,560.0,38.0,12.0,0.0,3404.0,1485.0,382.0,1099.0,3093.0,44.0,74.0,123.0,17.0,14989.0,0.0,1623.0,94.0,93.0,316.0,3577.3333333333335,3.7360231084606785,0.6092233009708737,1.2587588520313082,8.563920983973164,0.9610510622437569,2.7649086843086095,7.781494595601938,2.8143767060964513,561,0.0,0.0,1.0,0.0,61.989999999999995,0.0,0,0.0
salasfe01,Fernando Salas,10,2010,2019,25.0,28.0,496.0,0.0,0.0,0.0,30.0,450.0,213.0,57.0,149.0,474.0,31.0,21.0,9.0,1.0,2051.0,167.0,225.0,26.0,21.0,26.0,489.6666666666667,3.9149081007488085,0.4716981132075472,1.2232811436351259,8.270932607215792,1.047651463580667,2.73859768550034,8.712049012933969,3.1812080536912752,496,0.0,0.0,0.0,0.0,2.1599999999999997,0.0,0,0.0
salech01,Chris Sale,10,2010,2019,109.0,73.0,312.0,232.0,16.0,3.0,12.0,1312.0,548.0,172.0,374.0,2007.0,14.0,38.0,98.0,1.0,6544.0,25.0,590.0,20.0,28.0,109.0,1629.6666666666667,3.02638576395991,0.5989010989010989,1.034567396195541,7.24565350787482,0.94988750255676,2.065453057885048,11.083861730415219,5.366310160427807,312,0.0,0.0,0.0,0.0,45.36,0.0,0,0.0
samarje01,Jeff Samardzija,13,2008,2020,80.0,106.0,364.0,241.0,9.0,4.0,1.0,1555.0,759.0,205.0,491.0,1449.0,25.0,60.0,60.0,0.0,6891.0,31.0,818.0,39.0,42.0,116.0,1645.3333333333333,4.151742301458671,0.43010752688172044,1.2435170178282011,8.505875202593193,1.1213533225283632,2.685777957860616,7.926053484602918,2.9511201629327903,364,0.0,0.0,0.0,0.0,14.74,0.0,0,0.0
sanchan01,Anibal Sanchez,15,2006,2020,112.0,113.0,350.0,327.0,9.0,7.0,0.0,1905.0,877.0,225.0,653.0,1726.0,42.0,60.0,56.0,19.0,8315.0,9.0,953.0,67.0,42.0,124.0,1948.3333333333333,4.051154833190761,0.49777777777777776,1.3129170230966638,8.799828913601369,1.039349871685201,3.0164242942686057,7.972968349016254,2.643185298621746,350,0.0,0.0,0.0,0.0,29.310000000000002,0.0,0,0.0
santaer01,Ervin Santana,15,2005,2019,149.0,127.0,387.0,384.0,21.0,11.0,0.0,2326.0,1101.0,322.0,754.0,1926.0,34.0,97.0,102.0,9.0,10205.0,1.0,1186.0,50.0,70.0,184.0,2421.3333333333335,4.092373348017621,0.5398550724637681,1.2720264317180616,8.645649779735681,1.1968612334801763,2.8025881057268722,7.158865638766519,2.5543766578249336,387,0.0,0.0,0.0,0.0,26.619999999999997,0.0,0,0.0
scherma01,Max Scherzer,13,2008,2020,175.0,93.0,377.0,368.0,11.0,5.0,0.0,1953.0,841.0,264.0,641.0,2784.0,20.0,71.0,86.0,7.0,9573.0,2.0,906.0,54.0,49.0,122.0,2357.3333333333335,3.2108314479638005,0.6529850746268657,1.1003959276018098,7.456306561085972,1.007918552036199,2.4472567873303164,10.628959276018099,4.343213728549142,377,0.0,0.0,3.0,0.0,60.59,0.0,0,0.0
shawbr01,Bryan Shaw,10,2011,2020,31.0,36.0,612.0,0.0,0.0,0.0,12.0,549.0,246.0,59.0,214.0,514.0,19.0,31.0,21.0,2.0,2461.0,131.0,280.0,19.0,13.0,67.0,579.0,3.823834196891192,0.4626865671641791,1.3177892918825562,8.533678756476684,0.9170984455958548,3.326424870466321,7.989637305699482,2.4018691588785046,612,0.0,0.0,0.0,0.0,4.619999999999999,0.0,0,0.0
shielja02,James Shields,13,2006,2018,145.0,139.0,407.0,405.0,23.0,9.0,0.0,2581.0,1167.0,361.0,746.0,2234.0,22.0,107.0,97.0,10.0,10993.0,1.0,1267.0,53.0,45.0,211.0,2616.0,4.014908256880734,0.5105633802816901,1.271788990825688,8.879587155963302,1.2419724770642202,2.5665137614678897,7.685779816513762,2.994638069705094,407,0.0,0.0,0.0,0.0,30.690000000000005,0.0,0,0.0
sippto01,Tony Sipp,11,2009,2019,26.0,22.0,616.0,0.0,0.0,0.0,7.0,405.0,208.0,74.0,221.0,531.0,16.0,26.0,11.0,2.0,2110.0,124.0,222.0,17.0,15.0,26.0,503.6666666666667,3.7167438782263402,0.5416666666666666,1.242885506287227,7.236929185969556,1.3223031105228324,3.9490403706154864,9.488418266048974,2.4027149321266967,616,0.0,0.0,0.0,0.0,5.090000000000002,0.0,0,0.0
smithjo05,Joe Smith,13,2007,2019,50.0,29.0,782.0,0.0,0.0,0.0,30.0,573.0,230.0,54.0,237.0,615.0,28.0,17.0,36.0,3.0,2855.0,161.0,248.0,21.0,9.0,66.0,695.3333333333334,2.9769894534995207,0.6329113924050633,1.164908916586769,7.416586768935762,0.6989453499520613,3.067593480345158,7.960210930009587,2.5949367088607596,782,0.0,0.0,0.0,0.0,13.370000000000001,0.0,0,0.0
soriajo01,Joakim Soria,13,2007,2020,35.0,41.0,732.0,1.0,0.0,0.0,223.0,594.0,243.0,61.0,219.0,791.0,18.0,31.0,26.0,7.0,2987.0,407.0,258.0,19.0,24.0,48.0,725.6666666666666,3.013780431786863,0.4605263157894737,1.120349104271934,7.367018833256775,0.7565457050987597,2.716123105190629,9.810289389067524,3.6118721461187215,732,0.0,0.0,0.0,0.0,18.589999999999996,0.0,0,0.0
soriara01,Rafael Soriano,14,2002,2015,24.0,28.0,591.0,8.0,0.0,0.0,207.0,489.0,204.0,62.0,197.0,641.0,20.0,13.0,15.0,0.0,2571.0,343.0,213.0,8.0,9.0,38.0,636.3333333333334,2.8852802514405447,0.46153846153846156,1.078051335777894,6.916186485070717,0.8768988999476165,2.78627553693033,9.06600314300681,3.253807106598985,591,0.0,0.0,0.0,0.0,13.849999999999998,0.0,0,0.0
stammcr01,Craig Stammen,11,2009,2020,48.0,39.0,462.0,38.0,1.0,0.0,5.0,734.0,310.0,73.0,213.0,625.0,23.0,22.0,20.0,2.0,3168.0,83.0,343.0,31.0,20.0,70.0,756.0,3.6904761904761907,0.5517241379310345,1.2526455026455026,8.738095238095239,0.869047619047619,2.5357142857142856,7.440476190476191,2.9342723004694835,462,0.0,0.0,0.0,0.0,7.689999999999999,0.0,0,0.0
staufti01,Tim Stauffer,10,2005,2015,33.0,34.0,201.0,73.0,0.0,0.0,0.0,591.0,263.0,64.0,202.0,449.0,18.0,8.0,25.0,2.0,2521.0,49.0,276.0,26.0,8.0,62.0,595.6666666666666,3.973698936765529,0.4925373134328358,1.331281477336318,8.929490766648014,0.9669837716843872,3.0520425293788476,6.78399552322328,2.222772277227723,201,0.0,0.0,0.0,0.0,3.62,0.0,0,0.0
strasst01,Stephen Strasburg,11,2010,2020,112.0,59.0,241.0,241.0,2.0,2.0,0.0,1193.0,512.0,144.0,378.0,1697.0,18.0,43.0,51.0,4.0,5844.0,0.0,563.0,39.0,27.0,103.0,1443.6666666666667,3.1918725467559455,0.6549707602339181,1.0882013391826368,7.4373123989840675,0.8977141537751097,2.3564996536596627,10.579311937196952,4.48941798941799,241,0.0,0.0,0.0,0.0,32.050000000000004,0.0,0,0.0
streehu01,Huston Street,13,2005,2017,42.0,34.0,668.0,0.0,0.0,0.0,324.0,542.0,223.0,70.0,183.0,665.0,37.0,20.0,8.0,1.0,2718.0,525.0,237.0,21.0,19.0,34.0,680.0,2.9514705882352943,0.5526315789473685,1.0661764705882353,7.173529411764706,0.926470588235294,2.4220588235294116,8.801470588235293,3.633879781420765,668,1.0,0.0,0.0,0.0,14.499999999999998,0.0,0,0.0
stroppe01,Pedro Strop,12,2009,2020,28.0,30.0,559.0,0.0,0.0,0.0,32.0,358.0,180.0,34.0,230.0,551.0,19.0,54.0,37.0,6.0,2101.0,141.0,194.0,15.0,12.0,52.0,503.6666666666667,3.216412971542025,0.4827586206896552,1.1674387822634016,6.397088021178028,0.6075446724023825,4.1098610191925875,9.8457974851092,2.3956521739130436,559,0.0,0.0,0.0,0.0,9.010000000000002,0.0,0,0.0
swarzan01,Anthony Swarzak,10,2009,2019,26.0,36.0,375.0,32.0,0.0,0.0,10.0,666.0,308.0,83.0,201.0,485.0,23.0,14.0,13.0,3.0,2725.0,65.0,331.0,10.0,22.0,60.0,641.0,4.324492979719189,0.41935483870967744,1.3525741029641185,9.351014040561623,1.1653666146645867,2.8221528861154446,6.809672386895476,2.4129353233830844,375,0.0,0.0,0.0,0.0,5.24,0.0,0,0.0
teherju01,Julio Teheran,10,2011,2020,77.0,77.0,239.0,235.0,5.0,3.0,0.0,1228.0,589.0,188.0,474.0,1204.0,22.0,27.0,67.0,6.0,5809.0,0.0,634.0,53.0,30.0,82.0,1391.3333333333333,3.8100143747005273,0.5,1.2232870148538573,7.9434595112601825,1.216099664590321,3.0661236224245334,7.788212745567801,2.540084388185654,239,0.0,0.0,0.0,0.0,18.66,0.0,0,0.0
thornma01,Matt Thornton,13,2004,2016,36.0,46.0,748.0,1.0,0.0,0.0,23.0,594.0,251.0,52.0,251.0,642.0,37.0,28.0,20.0,0.0,2799.0,170.0,273.0,19.0,18.0,61.0,662.6666666666666,3.408953722334004,0.43902439024390244,1.2751509054325956,8.067404426559357,0.7062374245472837,3.408953722334004,8.719315895372233,2.557768924302789,748,0.0,0.0,0.0,0.0,13.46,0.0,0,0.0
tillmch01,Chris Tillman,10,2009,2018,74.0,60.0,210.0,205.0,2.0,1.0,0.0,1142.0,582.0,164.0,436.0,847.0,7.0,56.0,33.0,2.0,4908.0,1.0,614.0,15.0,33.0,95.0,1145.0,4.574672489082969,0.5522388059701493,1.3781659388646288,8.976419213973799,1.2890829694323143,3.4270742358078605,6.65764192139738,1.9426605504587156,210,0.0,0.0,0.0,0.0,8.87,0.0,0,0.0
tomlijo01,Josh Tomlin,11,2010,2020,65.0,56.0,251.0,150.0,5.0,1.0,2.0,1091.0,530.0,187.0,148.0,699.0,16.0,28.0,24.0,0.0,4235.0,49.0,566.0,16.0,24.0,74.0,1017.6666666666666,4.687192924991811,0.5371900826446281,1.2174909924664266,9.648542417294465,1.6537831641008844,1.3088765149033739,6.181788404847691,4.722972972972973,251,0.0,0.0,0.0,0.0,5.699999999999999,0.0,0,0.0
torreca01,Carlos Torres,10,2009,2019,30.0,31.0,362.0,16.0,0.0,0.0,5.0,492.0,230.0,63.0,192.0,447.0,19.0,27.0,21.0,2.0,2163.0,95.0,240.0,21.0,19.0,43.0,506.6666666666667,4.0855263157894735,0.4918032786885246,1.3499999999999999,8.739473684210525,1.119078947368421,3.4105263157894736,7.940131578947367,2.328125,362,0.0,0.0,0.0,0.0,3.9900000000000007,0.0,0,0.0
vargaja01,Jason Vargas,14,2005,2019,99.0,99.0,298.0,277.0,13.0,8.0,0.0,1664.0,784.0,216.0,508.0,1147.0,28.0,25.0,47.0,9.0,7002.0,8.0,826.0,40.0,48.0,138.0,1643.0,4.294583079732197,0.5,1.321972002434571,9.11503347534997,1.183201460742544,2.7827145465611687,6.283018867924528,2.2578740157480315,298,0.0,0.0,0.0,0.0,17.280000000000005,0.0,0,0.0
verlaju01,Justin Verlander,16,2005,2020,226.0,129.0,454.0,454.0,26.0,9.0,0.0,2538.0,1105.0,310.0,851.0,3013.0,27.0,87.0,98.0,19.0,12214.0,0.0,1192.0,43.0,64.0,160.0,2988.0,3.3283132530120483,0.6366197183098592,1.1342034805890227,7.644578313253012,0.9337349397590361,2.5632530120481927,9.075301204819278,3.5405405405405403,454,1.0,1.0,1.0,0.0,72.3,0.0,0,0.0
villaca01,Carlos Villanueva,11,2006,2016,51.0,55.0,476.0,76.0,0.0,0.0,11.0,967.0,478.0,139.0,323.0,862.0,35.0,32.0,34.0,1.0,4234.0,110.0,491.0,34.0,24.0,80.0,998.6666666666666,4.307743658210948,0.4811320754716981,1.2917222963951935,8.714619492656876,1.2526702269692924,2.9108811748998664,7.768357810413885,2.668730650154799,476,0.0,0.0,0.0,0.0,6.930000000000001,0.0,0,0.0
vogelry01,Ryan Vogelsong,12,2000,2016,61.0,75.0,289.0,179.0,2.0,1.0,0.0,1204.0,592.0,129.0,471.0,900.0,35.0,31.0,64.0,2.0,5204.0,50.0,641.0,57.0,36.0,100.0,1190.0,4.477310924369748,0.4485294117647059,1.4075630252100841,9.105882352941176,0.9756302521008404,3.5621848739495796,6.80672268907563,1.910828025477707,289,0.0,0.0,0.0,0.0,0.5600000000000002,0.0,0,0.0
volqued01,Edinson Volquez,15,2005,2020,95.0,89.0,294.0,273.0,4.0,2.0,0.0,1507.0,765.0,159.0,735.0,1323.0,27.0,77.0,76.0,6.0,6797.0,5.0,829.0,59.0,49.0,126.0,1546.3333333333333,4.452468204354387,0.5163043478260869,1.4498814399655098,8.771071351584393,0.9254149601207157,4.277861608105195,7.700150894589351,1.8,294,0.0,0.0,0.0,0.0,6.909999999999999,0.0,0,0.0
wainwad01,Adam Wainwright,15,2005,2020,167.0,98.0,393.0,326.0,24.0,10.0,3.0,2066.0,815.0,176.0,591.0,1830.0,36.0,41.0,64.0,3.0,9001.0,13.0,876.0,96.0,50.0,216.0,2169.3333333333335,3.3812231100184387,0.630188679245283,1.22480024585126,8.571296865396434,0.730178242163491,2.451905347264905,7.59219422249539,3.0964467005076144,393,0.0,0.0,0.0,2.0,36.870000000000005,0.0,0,0.0
watsoto01,Tony Watson,10,2011,2020,40.0,25.0,627.0,0.0,0.0,0.0,32.0,488.0,184.0,59.0,156.0,526.0,19.0,5.0,33.0,0.0,2395.0,105.0,196.0,27.0,18.0,57.0,591.0,2.802030456852792,0.6153846153846154,1.089678510998308,7.431472081218274,0.8984771573604061,2.3756345177664975,8.01015228426396,3.371794871794872,627,0.0,0.0,0.0,0.0,11.88,0.0,0,0.0
weaveje02,Jered Weaver,12,2006,2017,150.0,98.0,331.0,331.0,14.0,8.0,0.0,1912.0,833.0,262.0,551.0,1621.0,17.0,37.0,55.0,3.0,8531.0,0.0,879.0,34.0,49.0,110.0,2067.3333333333335,3.6264108352144464,0.6048387096774194,1.191389874234118,8.323766526926796,1.1405998065140275,2.3987423411802644,7.056917123508545,2.941923774954628,331,0.0,0.0,0.0,0.0,34.879999999999995,0.0,0,0.0
willije02,Jerome Williams,11,2003,2016,52.0,66.0,236.0,149.0,3.0,2.0,2.0,1080.0,525.0,130.0,352.0,655.0,15.0,20.0,58.0,3.0,4452.0,43.0,571.0,28.0,39.0,102.0,1029.6666666666667,4.588863709938491,0.4406779661016949,1.3907413402395596,9.439948203302038,1.1362900615085787,3.0767238588539976,5.72515377144707,1.8607954545454546,236,0.0,0.0,0.0,0.0,4.31,0.0,0,0.0
wilsocj01,C. J. Wilson,11,2005,2015,94.0,70.0,444.0,192.0,7.0,2.0,52.0,1287.0,594.0,117.0,602.0,1259.0,20.0,66.0,76.0,6.0,6090.0,110.0,672.0,25.0,34.0,161.0,1430.3333333333333,3.7375903052901425,0.573170731707317,1.3206711722209277,8.098112328128641,0.7361920298298765,3.7879282218597066,7.921929620135167,2.0913621262458473,444,0.0,0.0,0.0,0.0,17.299999999999997,0.0,0,0.0
wolfra02,Randy Wolf,16,1999,2015,133.0,125.0,390.0,379.0,13.0,9.0,1.0,2310.0,1097.0,296.0,831.0,1814.0,39.0,44.0,103.0,3.0,9977.0,3.0,1173.0,113.0,61.0,198.0,2328.3333333333335,4.240372226198997,0.5155038759689923,1.3490336435218324,8.929133858267715,1.144166070150322,3.2121689334287757,7.011882605583392,2.1829121540312877,390,0.0,0.0,0.0,0.0,19.54,0.0,0,0.0
youngch03,Chris Young,13,2004,2017,79.0,67.0,271.0,221.0,1.0,0.0,1.0,1130.0,570.0,186.0,502.0,1062.0,24.0,39.0,33.0,7.0,5480.0,15.0,605.0,41.0,38.0,47.0,1297.6666666666667,3.9532494220395575,0.541095890410959,1.2576419213973797,7.837143591060879,1.290007706139224,3.4816337015155407,7.3655278705368605,2.1155378486055776,271,0.0,0.0,0.0,0.0,16.910000000000004,0.0,0,0.0
zieglbr01,Brad Ziegler,11,2008,2018,37.0,38.0,739.0,0.0,0.0,0.0,105.0,654.0,219.0,32.0,248.0,479.0,55.0,7.0,25.0,1.0,2947.0,264.0,251.0,19.0,20.0,138.0,717.3333333333334,2.7476765799256504,0.49333333333333335,1.2574349442379182,8.20539033457249,0.4014869888475836,3.1115241635687734,6.009758364312267,1.9314516129032258,739,0.0,0.0,0.0,0.0,13.15,0.0,0,0.0
zimmejo02,Jordan Zimmermann,12,2009,2020,95.0,91.0,277.0,275.0,8.0,4.0,0.0,1665.0,725.0,194.0,344.0,1271.0,12.0,25.0,59.0,2.0,6740.0,1.0,784.0,53.0,41.0,112.0,1608.3333333333333,4.05699481865285,0.510752688172043,1.249119170984456,9.317098445595855,1.08559585492228,1.9249740932642487,7.112331606217617,3.6947674418604652,277,0.0,0.0,0.0,0.0,20.55,0.0,0,0.0
zitoba01,Barry Zito,15,2000,2015,165.0,143.0,433.0,421.0,12.0,5.0,0.0,2381.0,1157.0,282.0,1064.0,1885.0,52.0,50.0,97.0,8.0,11001.0,9.0,1254.0,105.0,73.0,219.0,2576.6666666666665,4.041267787839587,0.5357142857142857,1.3369987063389392,8.316558861578267,0.9849935316946961,3.7164294954721866,6.584087968952136,1.7716165413533835,433,0.0,0.0,1.0,0.0,33.050000000000004,0.0,0,0.0
