playerID,Name,NumYears,debut,final,G,AB,R,H,Doubles,Triples,HR,RBI,SB,CS,BB,SO,IBB,HBP,SH,SF,GIDP,PA,TB,Avg,OBP,Slg,OPS,SBA,SB_Pct,P,C,1B,2B,3B,SS,OF,LF,CF,RF,PrimPos,ROY,MVP,TC,GG_C,GG_1B,GG_2B,GG_3B,GG_SS,GG_LF,GG_CF,GG_RF,GG_OF,GG_All_OF,GG_Total,WAR,indYear,votedBy,inducted
alonsyo01,Yonder Alonso,10,2010,2019,1072.0,3362.0,391.0,872.0,181.0,2.0,100.0,426.0,22.0,8.0,366.0,648.0,29.0,16.0,1.0,28.0,94.0,3773.0,1357.0,0.2593694229625223,0.33244962884411455,0.4036287923854848,0.7360784212295994,30.0,0.7333333333333333,0,0,879,1,14,0,17,17,0,0,1B,0.0,0.0,0.0,0.0,0.0,0.0,0.0,0.0,0.0,0.0,0.0,0.0,0.0,0.0,8.19,0.0,0,0.0
altuvjo01,Jose Altuve,10,2011,2020,1291.0,5177.0,766.0,1610.0,308.0,28.0,133.0,556.0,256.0,77.0,377.0,662.0,38.0,50.0,25.0,39.0,149.0,5668.0,2373.0,0.31099092138304035,0.36097820308346623,0.4583735754297856,0.8193517785132518,333.0,0.7687687687687688,0,0,0,1252,0,2,0,0,0,0,2B,0.0,1.0,0.0,0.0,0.0,1.0,0.0,0.0,0.0,0.0,0.0,0.0,0.0,1.0,36.46,0.0,0,0.0
andinro01,Robert Andino,10,2005,2016,481.0,1344.0,159.0,313.0,58.0,1.0,18.0,97.0,24.0,12.0,113.0,313.0,2.0,6.0,21.0,7.0,42.0,1491.0,427.0,0.23288690476190477,0.2938775510204082,0.3177083333333333,0.6115858843537415,36.0,0.6666666666666666,0,0,0,244,51,153,10,7,3,0,2B,0.0,0.0,0.0,0.0,0.0,0.0,0.0,0.0,0.0,0.0,0.0,0.0,0.0,0.0,1.9099999999999997,0.0,0,0.0
andruel01,Elvis Andrus,12,2009,2020,1652.0,6366.0,893.0,1743.0,303.0,48.0,76.0,636.0,305.0,105.0,516.0,962.0,5.0,44.0,100.0,52.0,161.0,7078.0,2370.0,0.27379830348727613,0.3300372599598739,0.37229029217719134,0.7023275521370652,410.0,0.7439024390243902,0,0,0,0,0,1628,0,0,0,0,SS,0.0,0.0,0.0,0.0,0.0,0.0,0.0,0.0,0.0,0.0,0.0,0.0,0.0,0.0,30.46,0.0,0,0.0
avilaal01,Alex Avila,12,2009,2020,1018.0,2971.0,347.0,697.0,146.0,8.0,104.0,388.0,8.0,8.0,509.0,1031.0,23.0,17.0,10.0,20.0,79.0,3527.0,1171.0,0.23460114439582633,0.34773955075348306,0.39414338606529786,0.7418829368187809,16.0,0.5,3,902,46,0,1,0,0,0,0,0,C,0.0,0.0,0.0,0.0,0.0,0.0,0.0,0.0,0.0,0.0,0.0,0.0,0.0,0.0,16.099999999999998,0.0,0,0.0
avilemi01,Mike Aviles,10,2008,2017,915.0,3009.0,380.0,786.0,139.0,13.0,60.0,306.0,78.0,31.0,141.0,424.0,6.0,16.0,38.0,30.0,89.0,3234.0,1131.0,0.2612163509471585,0.2950563204005006,0.37587238285144564,0.6709287032519462,109.0,0.7155963302752294,0,0,2,216,196,385,122,74,9,42,SS,0.0,0.0,0.0,0.0,0.0,0.0,0.0,0.0,0.0,0.0,0.0,0.0,0.0,0.0,5.63,0.0,0,0.0
aybarer01,Erick Aybar,12,2006,2017,1454.0,5175.0,643.0,1402.0,256.0,46.0,58.0,473.0,155.0,62.0,285.0,670.0,18.0,52.0,75.0,39.0,107.0,5626.0,1924.0,0.27091787439613524,0.3132768870473788,0.37178743961352656,0.6850643266609053,217.0,0.7142857142857143,2,0,0,55,13,1337,8,6,0,2,SS,0.0,0.0,0.0,0.0,0.0,0.0,0.0,1.0,0.0,0.0,0.0,0.0,0.0,1.0,22.679999999999996,0.0,0,0.0
bakerje03,Jeff Baker,11,2005,2015,748.0,1793.0,244.0,474.0,108.0,15.0,54.0,235.0,14.0,1.0,139.0,472.0,6.0,9.0,1.0,16.0,55.0,1958.0,774.0,0.2643614054656999,0.3178334184977006,0.4316787506971556,0.7495121691948562,15.0,0.9333333333333333,0,0,170,177,102,0,102,36,0,67,2B,0.0,0.0,0.0,0.0,0.0,0.0,0.0,0.0,0.0,0.0,0.0,0.0,0.0,0.0,1.1,0.0,0,0.0
barmecl01,Clint Barmes,13,2003,2015,1186.0,3805.0,434.0,932.0,208.0,17.0,89.0,415.0,43.0,30.0,216.0,734.0,32.0,60.0,60.0,26.0,54.0,4167.0,1441.0,0.24494086727989486,0.2941319698076455,0.37871222076215505,0.6728441905698006,73.0,0.589041095890411,0,0,4,320,17,819,6,0,5,1,SS,0.0,0.0,0.0,0.0,0.0,0.0,0.0,0.0,0.0,0.0,0.0,0.0,0.0,0.0,14.899999999999999,0.0,0,0.0
bautijo02,Jose Bautista,15,2004,2018,1798.0,6051.0,1022.0,1496.0,312.0,17.0,344.0,975.0,70.0,32.0,1032.0,1394.0,58.0,80.0,23.0,58.0,170.0,7244.0,2874.0,0.24723186250206577,0.3611688131837696,0.4749628160634606,0.8361316292472302,102.0,0.6862745098039216,0,0,30,6,415,0,1202,69,84,1071,OF,0.0,0.0,0.0,0.0,0.0,0.0,0.0,0.0,0.0,0.0,0.0,0.0,0.0,0.0,36.71999999999999,0.0,0,0.0
beckhgo01,Gordon Beckham,11,2009,2019,1069.0,3403.0,420.0,807.0,187.0,7.0,80.0,351.0,35.0,20.0,266.0,670.0,6.0,54.0,29.0,30.0,89.0,3782.0,1248.0,0.2371436967381722,0.30029309885424993,0.3667352336173964,0.6670283324716464,55.0,0.6363636363636364,0,0,4,751,221,48,0,0,0,0,2B,0.0,0.0,0.0,0.0,0.0,0.0,0.0,0.0,0.0,0.0,0.0,0.0,0.0,0.0,5.44,0.0,0,0.0
beltbr01,Brandon Belt,10,2011,2020,1135.0,3811.0,538.0,1003.0,244.0,33.0,138.0,502.0,43.0,19.0,532.0,1021.0,30.0,33.0,1.0,23.0,41.0,4400.0,1727.0,0.2631855156127001,0.35644464651057056,0.4531618997638415,0.8096065462744121,62.0,0.6935483870967742,0,0,1036,0,0,0,92,89,0,4,1B,0.0,0.0,0.0,0.0,0.0,0.0,0.0,0.0,0.0,0.0,0.0,0.0,0.0,0.0,25.140000000000004,0.0,0,0.0
beltrad01,Adrian Beltre,21,1998,2018,2933.0,11068.0,1524.0,3166.0,636.0,38.0,477.0,1707.0,121.0,42.0,848.0,1732.0,112.0,97.0,14.0,103.0,279.0,12130.0,5309.0,0.28604987350921574,0.33930340046219876,0.47967112396096856,0.8189745244231673,163.0,0.7423312883435583,0,0,0,1,2759,7,0,0,0,0,3B,0.0,0.0,0.0,0.0,0.0,0.0,5.0,0.0,0.0,0.0,0.0,0.0,0.0,5.0,93.63999999999999,0.0,0,0.0
beltrca01,Carlos Beltran,20,1998,2017,2586.0,9768.0,1582.0,2725.0,565.0,78.0,435.0,1587.0,312.0,49.0,1084.0,1795.0,104.0,51.0,18.0,110.0,203.0,11031.0,4751.0,0.27897215397215397,0.3504948696994461,0.48638411138411136,0.8368789810835575,361.0,0.8642659279778393,0,0,1,0,0,0,2210,15,1572,631,OF,1.0,0.0,0.0,0.0,0.0,0.0,0.0,0.0,0.0,0.0,0.0,3.0,3.0,3.0,70.04999999999998,0.0,0,0.0
blackch02,Charlie Blackmon,10,2011,2020,1119.0,4313.0,744.0,1311.0,239.0,48.0,178.0,553.0,131.0,55.0,317.0,801.0,28.0,74.0,22.0,28.0,45.0,4754.0,2180.0,0.3039647577092511,0.3596787827557058,0.5054486436355206,0.8651274263912263,186.0,0.7043010752688172,0,0,0,0,0,0,1057,93,691,316,OF,0.0,0.0,0.0,0.0,0.0,0.0,0.0,0.0,0.0,0.0,0.0,0.0,0.0,0.0,17.9,0.0,0,0.0
blancan01,Andres Blanco,10,2004,2017,536.0,1191.0,137.0,305.0,73.0,9.0,18.0,109.0,5.0,13.0,79.0,202.0,5.0,18.0,26.0,7.0,33.0,1321.0,450.0,0.25608732157850544,0.3104247104247104,0.3778337531486146,0.6882584635733251,18.0,0.2777777777777778,1,0,31,178,98,135,2,1,0,1,2B,0.0,0.0,0.0,0.0,0.0,0.0,0.0,0.0,0.0,0.0,0.0,0.0,0.0,0.0,1.6299999999999997,0.0,0,0.0
blancgr01,Gregor Blanco,10,2008,2018,1060.0,2929.0,394.0,746.0,118.0,39.0,26.0,235.0,122.0,40.0,363.0,661.0,21.0,15.0,26.0,15.0,35.0,3348.0,1020.0,0.25469443496073746,0.3383503913305238,0.3482417207237965,0.6865921120543204,162.0,0.7530864197530864,0,0,0,0,0,0,915,422,442,139,OF,0.0,0.0,0.0,0.0,0.0,0.0,0.0,0.0,0.0,0.0,0.0,0.0,0.0,0.0,7.57,0.0,0,0.0
bloomwi01,Willie Bloomquist,14,2002,2015,1055.0,2891.0,398.0,778.0,110.0,23.0,18.0,225.0,133.0,51.0,189.0,494.0,7.0,16.0,25.0,15.0,49.0,3136.0,988.0,0.2691110342442062,0.31597557055609127,0.3417502594258042,0.6577258299818955,184.0,0.7228260869565217,0,0,47,141,142,305,339,109,124,122,OF,0.0,0.0,0.0,0.0,0.0,0.0,0.0,0.0,0.0,0.0,0.0,0.0,0.0,0.0,1.7400000000000004,0.0,0,0.0
bonifem01,Emilio Bonifacio,12,2007,2020,834.0,2613.0,356.0,669.0,95.0,33.0,13.0,165.0,166.0,49.0,215.0,605.0,4.0,7.0,43.0,19.0,23.0,2897.0,869.0,0.25602755453501724,0.31219341275402945,0.33256792958285497,0.6447613423368844,215.0,0.772093023255814,0,0,0,213,142,101,300,93,180,36,OF,0.0,0.0,0.0,0.0,0.0,0.0,0.0,0.0,0.0,0.0,0.0,0.0,0.0,0.0,3.2000000000000006,0.0,0,0.0
bourjpe01,Peter Bourjos,10,2010,2019,875.0,2116.0,284.0,502.0,91.0,37.0,43.0,170.0,68.0,32.0,134.0,562.0,7.0,36.0,37.0,11.0,35.0,2334.0,796.0,0.23724007561436672,0.29255550718328255,0.3761814744801512,0.6687369816634338,100.0,0.68,0,0,0,1,0,0,791,73,599,131,OF,0.0,0.0,0.0,0.0,0.0,0.0,0.0,0.0,0.0,0.0,0.0,0.0,0.0,0.0,9.6,0.0,0,0.0
bournmi01,Michael Bourn,11,2006,2016,1361.0,4784.0,678.0,1272.0,191.0,69.0,36.0,361.0,341.0,94.0,445.0,1124.0,13.0,19.0,52.0,23.0,34.0,5323.0,1709.0,0.26588628762541805,0.3293492695883134,0.3572324414715719,0.6865817110598853,435.0,0.7839080459770115,0,0,0,0,0,0,1310,130,1159,44,OF,0.0,0.0,0.0,0.0,0.0,0.0,0.0,0.0,0.0,0.0,0.0,2.0,2.0,2.0,22.779999999999998,0.0,0,0.0
brantmi02,Michael Brantley,12,2009,2020,1245.0,4800.0,655.0,1425.0,303.0,21.0,114.0,640.0,123.0,32.0,419.0,573.0,34.0,31.0,12.0,44.0,116.0,5306.0,2112.0,0.296875,0.35417453721193803,0.44,0.794174537211938,155.0,0.7935483870967742,0,0,0,0,0,0,1145,811,356,9,OF,0.0,0.0,0.0,0.0,0.0,0.0,0.0,0.0,0.0,0.0,0.0,0.0,0.0,0.0,30.44,0.0,0,0.0
braunry02,Ryan Braun,14,2007,2020,1766.0,6622.0,1080.0,1963.0,408.0,49.0,352.0,1154.0,216.0,60.0,586.0,1363.0,56.0,77.0,0.0,44.0,179.0,7329.0,3525.0,0.29643612201751735,0.3583026333742666,0.5323165206886137,0.8906191540628803,276.0,0.782608695652174,0,0,19,0,112,0,1528,1242,1,289,OF,1.0,1.0,0.0,0.0,0.0,0.0,0.0,0.0,0.0,0.0,0.0,0.0,0.0,0.0,46.870000000000005,0.0,0,0.0
bruceja01,Jay Bruce,13,2008,2020,1640.0,5930.0,836.0,1451.0,311.0,32.0,318.0,948.0,65.0,40.0,595.0,1559.0,71.0,28.0,3.0,46.0,99.0,6602.0,2780.0,0.24468802698145026,0.3142900439460524,0.4688026981450253,0.7830927420910777,105.0,0.6190476190476191,0,0,54,0,0,0,1510,59,36,1437,OF,0.0,0.0,0.0,0.0,0.0,0.0,0.0,0.0,0.0,0.0,0.0,0.0,0.0,0.0,19.790000000000013,0.0,0,0.0
buterdr01,Drew Butera,11,2010,2020,544.0,1305.0,122.0,259.0,58.0,5.0,19.0,118.0,0.0,1.0,88.0,306.0,1.0,15.0,20.0,9.0,27.0,1437.0,384.0,0.19846743295019156,0.255469301340861,0.2942528735632184,0.5497221749040794,1.0,0.0,7,509,31,0,0,0,0,0,0,0,C,0.0,0.0,0.0,0.0,0.0,0.0,0.0,0.0,0.0,0.0,0.0,0.0,0.0,0.0,-3.6199999999999997,0.0,0,0.0
butlebi03,Billy Butler,10,2007,2016,1414.0,5105.0,592.0,1479.0,322.0,5.0,147.0,728.0,5.0,3.0,500.0,840.0,59.0,34.0,0.0,47.0,207.0,5686.0,2252.0,0.2897159647404505,0.3540274358072459,0.44113614103819787,0.7951635768454437,8.0,0.625,0,0,426,0,0,0,6,6,0,0,1B,0.0,0.0,0.0,0.0,0.0,0.0,0.0,0.0,0.0,0.0,0.0,0.0,0.0,0.0,11.919999999999998,0.0,0,0.0
byrdma01,Marlon Byrd,15,2002,2016,1573.0,5579.0,740.0,1534.0,311.0,39.0,159.0,710.0,56.0,31.0,382.0,1234.0,30.0,93.0,17.0,52.0,115.0,6123.0,2400.0,0.27495967019179063,0.32902063544055027,0.4301846208998028,0.7592052563403531,87.0,0.6436781609195402,0,0,0,0,0,0,1510,246,849,460,OF,0.0,0.0,0.0,0.0,0.0,0.0,0.0,0.0,0.0,0.0,0.0,0.0,0.0,0.0,25.759999999999998,0.0,0,0.0
cabreas01,Asdrubal Cabrera,14,2007,2020,1712.0,6323.0,852.0,1692.0,380.0,28.0,188.0,827.0,90.0,32.0,553.0,1250.0,25.0,65.0,51.0,57.0,169.0,7049.0,2692.0,0.26759449628340976,0.3300943126607602,0.42574727186462125,0.7558415845253814,122.0,0.7377049180327869,0,0,28,365,182,1078,0,0,0,0,SS,0.0,0.0,0.0,0.0,0.0,0.0,0.0,0.0,0.0,0.0,0.0,0.0,0.0,0.0,29.120000000000008,0.0,0,0.0
cabreme01,Melky Cabrera,15,2005,2019,1887.0,6878.0,895.0,1962.0,383.0,45.0,144.0,854.0,101.0,37.0,510.0,891.0,41.0,27.0,48.0,64.0,181.0,7527.0,2867.0,0.28525734225065424,0.33413557962294427,0.4168362896190753,0.7509718692420195,138.0,0.7318840579710145,0,0,0,0,0,0,1784,1023,561,296,OF,0.0,0.0,0.0,0.0,0.0,0.0,0.0,0.0,0.0,0.0,0.0,0.0,0.0,0.0,20.64,0.0,0,0.0
cabremi01,Miguel Cabrera,18,2003,2020,2457.0,9153.0,1457.0,2866.0,581.0,17.0,487.0,1729.0,39.0,21.0,1159.0,1812.0,235.0,64.0,5.0,86.0,321.0,10467.0,4942.0,0.31312138096798864,0.3908430510418658,0.5399322626461269,0.9307753136879927,60.0,0.65,0,0,1151,0,697,0,347,248,0,100,1B,0.0,2.0,1.0,0.0,0.0,0.0,0.0,0.0,0.0,0.0,0.0,0.0,0.0,0.0,69.58,0.0,0,0.0
cainlo01,Lorenzo Cain,11,2010,2020,1050.0,3912.0,569.0,1128.0,207.0,24.0,78.0,409.0,175.0,40.0,328.0,770.0,14.0,45.0,0.0,30.0,100.0,4315.0,1617.0,0.2883435582822086,0.347856315179606,0.4133435582822086,0.7611998734618146,215.0,0.813953488372093,0,0,0,0,0,0,1026,2,920,157,OF,0.0,0.0,0.0,0.0,0.0,0.0,0.0,0.0,0.0,0.0,0.0,0.0,0.0,0.0,36.36,0.0,0,0.0
callaal01,Alberto Callaspo,10,2006,2015,1093.0,3556.0,391.0,941.0,170.0,14.0,52.0,369.0,22.0,14.0,350.0,365.0,20.0,6.0,10.0,34.0,104.0,3956.0,1295.0,0.26462317210348707,0.32868727825646227,0.3641732283464567,0.692860506602919,36.0,0.6111111111111112,0,0,23,299,602,32,14,7,0,7,3B,0.0,0.0,0.0,0.0,0.0,0.0,0.0,0.0,0.0,0.0,0.0,0.0,0.0,0.0,9.62,0.0,0,0.0
canoro01,Robinson Cano,16,2005,2020,2234.0,8673.0,1257.0,2624.0,571.0,33.0,334.0,1302.0,51.0,38.0,616.0,1189.0,112.0,85.0,10.0,62.0,284.0,9446.0,4263.0,0.30254813789922747,0.35237388724035607,0.4915254237288136,0.8438993109691697,89.0,0.5730337078651685,0,0,14,2158,2,1,0,0,0,0,2B,0.0,0.0,0.0,0.0,0.0,2.0,0.0,0.0,0.0,0.0,0.0,0.0,0.0,2.0,69.11000000000001,0.0,0,0.0
carpema01,Matt Carpenter,10,2011,2020,1199.0,4196.0,734.0,1118.0,290.0,27.0,152.0,555.0,25.0,17.0,664.0,995.0,38.0,59.0,11.0,45.0,35.0,4975.0,1918.0,0.26644423260247857,0.370870265914585,0.4571020019065777,0.8279722678211627,42.0,0.5952380952380952,0,0,319,212,665,0,25,7,0,19,3B,0.0,0.0,0.0,0.0,0.0,0.0,0.0,0.0,0.0,0.0,0.0,0.0,0.0,0.0,28.34,0.0,0,0.0
castiwe01,Welington Castillo,10,2010,2019,726.0,2462.0,251.0,626.0,126.0,1.0,98.0,339.0,5.0,0.0,183.0,691.0,9.0,35.0,3.0,18.0,67.0,2701.0,1048.0,0.25426482534524775,0.312824314306894,0.4256701868399675,0.7384945011468615,5.0,1.0,0,649,1,0,0,0,0,0,0,0,C,0.0,0.0,0.0,0.0,0.0,0.0,0.0,0.0,0.0,0.0,0.0,0.0,0.0,0.0,12.32,0.0,0,0.0
castrja01,Jason Castro,10,2010,2020,852.0,2754.0,340.0,634.0,157.0,9.0,88.0,301.0,5.0,2.0,314.0,876.0,10.0,23.0,6.0,17.0,55.0,3114.0,1073.0,0.23021060275962238,0.3124195624195624,0.3896151053013798,0.7020346677209423,7.0,0.7142857142857143,0,803,3,0,0,0,0,0,0,0,C,0.0,0.0,0.0,0.0,0.0,0.0,0.0,0.0,0.0,0.0,0.0,0.0,0.0,0.0,11.929999999999998,0.0,0,0.0
castrst01,Starlin Castro,11,2010,2020,1486.0,5833.0,673.0,1633.0,299.0,40.0,135.0,640.0,89.0,51.0,312.0,1046.0,31.0,38.0,7.0,43.0,171.0,6233.0,2417.0,0.2799588547917024,0.31850305171859944,0.4143665352305846,0.732869586949184,140.0,0.6357142857142857,0,0,0,580,45,850,0,0,0,0,SS,0.0,0.0,0.0,0.0,0.0,0.0,0.0,0.0,0.0,0.0,0.0,0.0,0.0,0.0,17.66,0.0,0,0.0
cervefr01,Francisco Cervelli,13,2008,2020,730.0,2256.0,281.0,605.0,102.0,16.0,41.0,275.0,17.0,13.0,270.0,505.0,4.0,55.0,20.0,17.0,69.0,2618.0,862.0,0.26817375886524825,0.3579676674364896,0.3820921985815603,0.74005986601805,30.0,0.5666666666666667,0,688,15,2,4,0,0,0,0,0,C,0.0,0.0,0.0,0.0,0.0,0.0,0.0,0.0,0.0,0.0,0.0,0.0,0.0,0.0,14.069999999999999,0.0,0,0.0
choosh01,Shin-Soo Choo,16,2005,2020,1652.0,6087.0,961.0,1671.0,339.0,29.0,218.0,782.0,157.0,55.0,868.0,1579.0,43.0,152.0,10.0,40.0,101.0,7157.0,2722.0,0.2745194677180877,0.3765216174618721,0.44718252012485626,0.8237041375867284,212.0,0.7405660377358491,0,0,0,0,0,0,1307,207,160,947,OF,0.0,0.0,0.0,0.0,0.0,0.0,0.0,0.0,0.0,0.0,0.0,0.0,0.0,0.0,34.559999999999995,0.0,0,0.0
crawfbr01,Brandon Crawford,10,2011,2020,1305.0,4402.0,509.0,1099.0,234.0,38.0,106.0,564.0,32.0,30.0,413.0,984.0,65.0,41.0,6.0,49.0,96.0,4911.0,1727.0,0.24965924579736484,0.3166156982670744,0.3923216719672876,0.708937370234362,62.0,0.5161290322580645,0,0,0,0,0,1274,0,0,0,0,SS,0.0,0.0,0.0,0.0,0.0,0.0,0.0,3.0,0.0,0.0,0.0,0.0,0.0,3.0,25.48,0.0,0,0.0
crawfca02,Carl Crawford,15,2002,2016,1716.0,6655.0,998.0,1931.0,309.0,123.0,136.0,766.0,480.0,109.0,377.0,1067.0,24.0,47.0,34.0,48.0,79.0,7161.0,2894.0,0.2901577761081893,0.3304335625087695,0.4348610067618332,0.7652945692706027,589.0,0.8149405772495756,0,0,0,0,0,0,1634,1595,54,0,OF,0.0,0.0,0.0,0.0,0.0,0.0,0.0,0.0,0.0,0.0,0.0,1.0,1.0,1.0,39.099999999999994,0.0,0,0.0
crispco01,Coco Crisp,15,2002,2016,1586.0,5930.0,877.0,1572.0,308.0,57.0,130.0,639.0,309.0,79.0,561.0,865.0,18.0,5.0,80.0,51.0,91.0,6627.0,2384.0,0.2650927487352445,0.32656178402321673,0.4020236087689713,0.728585392792188,388.0,0.7963917525773195,0,0,0,0,0,0,1483,340,1158,0,OF,0.0,0.0,0.0,0.0,0.0,0.0,0.0,0.0,0.0,0.0,0.0,0.0,0.0,0.0,28.87,0.0,0,0.0
cruzne02,Nelson Cruz,16,2005,2020,1742.0,6397.0,952.0,1777.0,330.0,13.0,417.0,1152.0,76.0,32.0,632.0,1625.0,66.0,73.0,2.0,47.0,147.0,7151.0,3384.0,0.277786462404252,0.34718142397538115,0.528997967797405,0.8761793917727863,108.0,0.7037037037037037,0,0,0,0,0,0,970,119,2,881,OF,0.0,0.0,0.0,0.0,0.0,0.0,0.0,0.0,0.0,0.0,0.0,0.0,0.0,0.0,39.68,0.0,0,0.0
cuddymi01,Michael Cuddyer,15,2001,2015,1536.0,5488.0,809.0,1522.0,333.0,42.0,197.0,794.0,75.0,22.0,527.0,1101.0,36.0,49.0,4.0,34.0,183.0,6102.0,2530.0,0.27733236151603496,0.34404722859954084,0.4610058309037901,0.805053059503331,97.0,0.7731958762886598,1,0,283,79,174,0,982,78,6,903,OF,0.0,0.0,0.0,0.0,0.0,0.0,0.0,0.0,0.0,0.0,0.0,0.0,0.0,0.0,17.74,0.0,0,0.0
davisch02,Chris Davis,13,2008,2020,1417.0,4978.0,707.0,1160.0,228.0,5.0,295.0,780.0,19.0,11.0,555.0,1852.0,50.0,58.0,1.0,38.0,62.0,5630.0,2283.0,0.23302531137002813,0.314976017054539,0.4586179188429088,0.7735939358974477,30.0,0.6333333333333333,2,0,1147,0,93,0,75,11,0,64,1B,0.0,0.0,0.0,0.0,0.0,0.0,0.0,0.0,0.0,0.0,0.0,0.0,0.0,0.0,11.070000000000002,0.0,0,0.0
davisra01,Rajai Davis,14,2006,2019,1448.0,4244.0,637.0,1111.0,226.0,43.0,62.0,387.0,415.0,108.0,267.0,844.0,5.0,46.0,22.0,28.0,79.0,4607.0,1609.0,0.2617813383600377,0.31057797164667394,0.3791234684260132,0.6897014400726871,523.0,0.7934990439770554,0,0,0,1,0,0,1279,502,747,125,OF,0.0,0.0,0.0,0.0,0.0,0.0,0.0,0.0,0.0,0.0,0.0,0.0,0.0,0.0,11.85,0.0,0,0.0
deazaal01,Alejandro De Aza,10,2007,2017,838.0,2575.0,367.0,669.0,131.0,33.0,51.0,258.0,91.0,44.0,225.0,622.0,13.0,33.0,27.0,18.0,32.0,2878.0,1019.0,0.25980582524271845,0.3251490705015784,0.3957281553398058,0.7208772258413843,135.0,0.674074074074074,0,0,0,0,0,0,722,336,364,102,OF,0.0,0.0,0.0,0.0,0.0,0.0,0.0,0.0,0.0,0.0,0.0,0.0,0.0,0.0,7.21,0.0,0,0.0
dejesda01,David DeJesus,13,2003,2015,1472.0,5220.0,740.0,1434.0,288.0,65.0,99.0,573.0,66.0,62.0,510.0,838.0,21.0,108.0,43.0,35.0,103.0,5916.0,2149.0,0.2747126436781609,0.3493955389068619,0.4116858237547893,0.7610813626616513,128.0,0.515625,0,0,0,0,0,0,1322,398,663,328,OF,0.0,0.0,0.0,0.0,0.0,0.0,0.0,0.0,0.0,0.0,0.0,0.0,0.0,0.0,23.360000000000003,0.0,0,0.0
denorch01,Chris Denorfia,10,2005,2015,808.0,2162.0,289.0,587.0,103.0,17.0,41.0,196.0,56.0,20.0,187.0,408.0,8.0,9.0,13.0,14.0,55.0,2385.0,847.0,0.27150786308973174,0.33010118043844855,0.39176688251618874,0.7218680629546372,76.0,0.7368421052631579,1,0,0,0,0,0,696,291,169,380,OF,0.0,0.0,0.0,0.0,0.0,0.0,0.0,0.0,0.0,0.0,0.0,0.0,0.0,0.0,10.82,0.0,0,0.0
descada01,Daniel Descalso,10,2010,2019,1080.0,2519.0,326.0,593.0,126.0,25.0,48.0,294.0,26.0,15.0,303.0,600.0,28.0,21.0,26.0,22.0,33.0,2891.0,913.0,0.2354108773322747,0.32006980802792323,0.3624454148471616,0.6825152228750848,41.0,0.6341463414634146,6,0,63,345,264,179,49,48,0,1,2B,0.0,0.0,0.0,0.0,0.0,0.0,0.0,0.0,0.0,0.0,0.0,0.0,0.0,0.0,0.7100000000000002,0.0,0,0.0
desmoia01,Ian Desmond,11,2009,2019,1478.0,5442.0,724.0,1432.0,277.0,37.0,181.0,711.0,181.0,56.0,387.0,1402.0,13.0,43.0,33.0,39.0,132.0,5944.0,2326.0,0.2631385520029401,0.31500592116393167,0.42741639103270856,0.7424223121966402,237.0,0.7637130801687764,1,0,165,5,0,917,363,157,207,2,SS,0.0,0.0,0.0,0.0,0.0,0.0,0.0,0.0,0.0,0.0,0.0,0.0,0.0,0.0,15.5,0.0,0,0.0
donaljo02,Josh Donaldson,10,2010,2020,1066.0,3922.0,666.0,1066.0,228.0,12.0,225.0,656.0,38.0,8.0,575.0,909.0,19.0,46.0,5.0,30.0,94.0,4578.0,1993.0,0.27180010198878124,0.3689044390990597,0.5081591024987251,0.8770635415977848,46.0,0.8260869565217391,0,10,5,0,979,5,0,0,0,0,3B,0.0,1.0,0.0,0.0,0.0,0.0,0.0,0.0,0.0,0.0,0.0,0.0,0.0,0.0,41.489999999999995,0.0,0,0.0
drewst01,Stephen Drew,12,2006,2017,1268.0,4403.0,565.0,1109.0,258.0,63.0,123.0,524.0,41.0,19.0,435.0,926.0,33.0,13.0,22.0,44.0,48.0,4917.0,1862.0,0.25187372246195777,0.3180796731358529,0.42289348171701113,0.740973154852864,60.0,0.6833333333333333,0,0,0,180,27,1007,0,0,0,0,SS,0.0,0.0,0.0,0.0,0.0,0.0,0.0,0.0,0.0,0.0,0.0,0.0,0.0,0.0,15.940000000000003,0.0,0,0.0
dudalu01,Lucas Duda,10,2010,2019,958.0,3098.0,387.0,741.0,171.0,4.0,156.0,470.0,6.0,7.0,394.0,879.0,33.0,61.0,1.0,27.0,52.0,3581.0,1388.0,0.23918657198192383,0.3340782122905028,0.44803098773402195,0.7821092000245247,13.0,0.46153846153846156,0,0,578,0,0,0,234,111,0,123,1B,0.0,0.0,0.0,0.0,0.0,0.0,0.0,0.0,0.0,0.0,0.0,0.0,0.0,0.0,7.780000000000001,0.0,0,0.0
dysonja01,Jarrod Dyson,11,2010,2020,890.0,2378.0,370.0,584.0,76.0,36.0,21.0,175.0,256.0,44.0,232.0,445.0,8.0,21.0,39.0,14.0,30.0,2684.0,795.0,0.24558452481076534,0.3164461247637051,0.3343145500420521,0.6507606748057573,300.0,0.8533333333333334,0,0,0,0,0,0,792,89,656,78,OF,0.0,0.0,0.0,0.0,0.0,0.0,0.0,0.0,0.0,0.0,0.0,0.0,0.0,0.0,14.859999999999998,0.0,0,0.0
ellisaj01,A. J. Ellis,11,2008,2018,672.0,1948.0,194.0,466.0,82.0,3.0,44.0,229.0,2.0,4.0,280.0,414.0,22.0,28.0,29.0,18.0,67.0,2303.0,686.0,0.23921971252566734,0.3403693931398417,0.3521560574948665,0.6925254506347083,6.0,0.3333333333333333,0,620,0,0,0,0,1,1,0,0,C,0.0,0.0,0.0,0.0,0.0,0.0,0.0,0.0,0.0,0.0,0.0,0.0,0.0,0.0,9.379999999999999,0.0,0,0.0
ellsbja01,Jacoby Ellsbury,11,2007,2017,1235.0,4846.0,749.0,1376.0,241.0,47.0,104.0,512.0,343.0,71.0,399.0,737.0,19.0,46.0,21.0,32.0,82.0,5344.0,2023.0,0.283945522080066,0.342100319368777,0.4174576970697482,0.7595580164385252,414.0,0.8285024154589372,0,0,0,0,0,0,1201,86,1105,37,OF,0.0,0.0,0.0,0.0,0.0,0.0,0.0,0.0,0.0,1.0,0.0,0.0,1.0,1.0,31.019999999999996,0.0,0,0.0
encared01,Edwin Encarnacion,16,2005,2020,1960.0,7040.0,1099.0,1832.0,370.0,10.0,424.0,1261.0,61.0,14.0,903.0,1426.0,54.0,105.0,0.0,66.0,185.0,8114.0,3494.0,0.26022727272727275,0.3500123243776189,0.49630681818181815,0.8463191425594371,75.0,0.8133333333333334,0,0,491,1,674,0,5,5,0,0,3B,0.0,0.0,0.0,0.0,0.0,0.0,0.0,0.0,0.0,0.0,0.0,0.0,0.0,0.0,35.69,0.0,0,0.0
escobal02,Alcides Escobar,11,2008,2018,1437.0,5307.0,605.0,1367.0,224.0,54.0,41.0,442.0,174.0,44.0,231.0,776.0,17.0,46.0,85.0,33.0,110.0,5702.0,1822.0,0.25758432259280195,0.2926829268292683,0.343320143207085,0.6360030700363533,218.0,0.7981651376146789,0,0,0,3,29,1386,11,2,7,2,SS,0.0,0.0,0.0,0.0,0.0,0.0,0.0,1.0,0.0,0.0,0.0,0.0,0.0,1.0,9.450000000000001,0.0,0,0.0
escobed01,Eduardo Escobar,10,2011,2020,982.0,3359.0,426.0,862.0,189.0,32.0,110.0,446.0,20.0,15.0,245.0,712.0,21.0,21.0,13.0,33.0,50.0,3671.0,1445.0,0.25662399523667756,0.30836522689994533,0.4301875558201846,0.7385527827201299,35.0,0.5714285714285714,1,1,0,95,502,328,45,43,1,1,3B,0.0,0.0,0.0,0.0,0.0,0.0,0.0,0.0,0.0,0.0,0.0,0.0,0.0,0.0,9.9,0.0,0,0.0
escobyu01,Yunel Escobar,11,2007,2017,1434.0,5315.0,689.0,1501.0,258.0,12.0,90.0,519.0,34.0,32.0,509.0,686.0,16.0,55.0,51.0,27.0,198.0,5957.0,2053.0,0.2824082784571966,0.3496444293938368,0.3862652869238006,0.7359097163176374,66.0,0.5151515151515151,0,0,0,21,372,1016,1,1,0,0,SS,0.0,0.0,0.0,0.0,0.0,0.0,0.0,0.0,0.0,0.0,0.0,0.0,0.0,0.0,26.710000000000004,0.0,0,0.0
ethiean01,Andre Ethier,12,2006,2017,1455.0,4800.0,641.0,1367.0,303.0,34.0,162.0,687.0,29.0,28.0,519.0,938.0,68.0,58.0,2.0,44.0,104.0,5423.0,2224.0,0.28479166666666667,0.3586054233536248,0.4633333333333333,0.821938756686958,57.0,0.5087719298245614,0,0,2,0,0,0,1321,297,144,922,OF,0.0,0.0,0.0,0.0,0.0,0.0,0.0,0.0,0.0,0.0,1.0,0.0,1.0,1.0,21.509999999999994,0.0,0,0.0
fieldpr01,Prince Fielder,12,2005,2016,1611.0,5821.0,862.0,1645.0,321.0,10.0,319.0,1028.0,18.0,11.0,847.0,1155.0,164.0,124.0,0.0,61.0,158.0,6853.0,2943.0,0.2825974918398901,0.38173062892164017,0.5055832331214568,0.8873138620430969,29.0,0.6206896551724138,0,0,1324,0,0,0,0,0,0,0,1B,0.0,0.0,0.0,0.0,0.0,0.0,0.0,0.0,0.0,0.0,0.0,0.0,0.0,0.0,23.82,0.0,0,0.0
flowety01,Tyler Flowers,12,2009,2020,802.0,2456.0,267.0,582.0,111.0,5.0,86.0,301.0,2.0,6.0,227.0,852.0,6.0,75.0,4.0,14.0,56.0,2776.0,961.0,0.23697068403908794,0.3189033189033189,0.3912866449511401,0.710189963854459,8.0,0.25,0,758,7,0,0,0,0,0,0,0,C,0.0,0.0,0.0,0.0,0.0,0.0,0.0,0.0,0.0,0.0,0.0,0.0,0.0,0.0,7.97,0.0,0,0.0
forsylo01,Logan Forsythe,10,2011,2020,971.0,3120.0,389.0,762.0,150.0,13.0,71.0,307.0,42.0,16.0,343.0,757.0,9.0,47.0,5.0,24.0,73.0,3539.0,1151.0,0.24423076923076922,0.32597623089983024,0.36891025641025643,0.6948864873100866,58.0,0.7241379310344828,1,0,79,649,143,36,20,18,0,3,2B,0.0,0.0,0.0,0.0,0.0,0.0,0.0,0.0,0.0,0.0,0.0,0.0,0.0,0.0,12.440000000000001,0.0,0,0.0
fowlede01,Dexter Fowler,13,2008,2020,1453.0,5020.0,814.0,1301.0,253.0,82.0,127.0,516.0,148.0,68.0,739.0,1320.0,16.0,51.0,43.0,28.0,58.0,5881.0,2099.0,0.25916334661354584,0.35817060637204523,0.4181274900398406,0.7762980964118859,216.0,0.6851851851851852,0,0,0,0,0,0,1354,0,1170,221,OF,0.0,0.0,0.0,0.0,0.0,0.0,0.0,0.0,0.0,0.0,0.0,0.0,0.0,0.0,19.799999999999994,0.0,0,0.0
francje02,Jeff Francoeur,12,2005,2016,1481.0,5260.0,626.0,1373.0,281.0,27.0,160.0,698.0,54.0,39.0,284.0,1080.0,48.0,60.0,2.0,54.0,126.0,5660.0,2188.0,0.26102661596958177,0.3034641215977377,0.4159695817490494,0.7194337033467871,93.0,0.5806451612903226,1,0,0,0,1,0,1387,101,7,1290,OF,0.0,0.0,0.0,0.0,0.0,0.0,0.0,0.0,0.0,0.0,0.0,1.0,1.0,1.0,6.79,0.0,0,0.0
frazito01,Todd Frazier,10,2011,2020,1231.0,4357.0,601.0,1056.0,211.0,15.0,218.0,636.0,73.0,38.0,435.0,1079.0,12.0,75.0,4.0,38.0,94.0,4909.0,1951.0,0.24236860224925408,0.3192660550458716,0.44778517328436995,0.7670512283302415,111.0,0.6576576576576577,1,0,113,2,1066,2,13,13,0,1,3B,0.0,0.0,0.0,0.0,0.0,0.0,0.0,0.0,0.0,0.0,0.0,0.0,0.0,0.0,24.799999999999994,0.0,0,0.0
freemfr01,Freddie Freeman,11,2010,2020,1406.0,5167.0,849.0,1524.0,342.0,23.0,240.0,858.0,45.0,21.0,691.0,1205.0,87.0,68.0,0.0,39.0,115.0,5965.0,2632.0,0.29494871298625897,0.3827326068734283,0.5093864911941165,0.8921190980675449,66.0,0.6818181818181818,0,0,1380,0,16,0,0,0,0,0,1B,0.0,0.0,0.0,0.0,0.0,0.0,0.0,0.0,0.0,0.0,0.0,0.0,0.0,0.0,38.82,0.0,0,0.0
freesda01,David Freese,11,2009,2019,1184.0,3758.0,481.0,1041.0,197.0,7.0,113.0,535.0,8.0,11.0,370.0,974.0,11.0,73.0,4.0,24.0,134.0,4229.0,1591.0,0.27700904736562,0.35124260355029585,0.42336349121873335,0.7746060947690292,19.0,0.42105263157894735,0,1,149,2,916,0,0,0,0,0,3B,0.0,0.0,0.0,0.0,0.0,0.0,0.0,0.0,0.0,0.0,0.0,0.0,0.0,0.0,18.369999999999997,0.0,0,0.0
gardnbr01,Brett Gardner,13,2008,2020,1548.0,5350.0,896.0,1384.0,235.0,69.0,129.0,539.0,270.0,64.0,639.0,1145.0,6.0,64.0,64.0,36.0,55.0,6153.0,2144.0,0.2586915887850467,0.34274921990474627,0.40074766355140184,0.7434968834561482,334.0,0.8083832335329342,0,0,0,0,0,0,1497,1009,553,1,OF,0.0,0.0,0.0,0.0,0.0,0.0,0.0,0.0,0.0,0.0,0.0,1.0,1.0,1.0,42.98,0.0,0,0.0
gentrcr01,Craig Gentry,10,2009,2018,602.0,1242.0,180.0,325.0,47.0,14.0,7.0,104.0,94.0,20.0,102.0,250.0,6.0,33.0,18.0,5.0,19.0,1400.0,421.0,0.2616747181964573,0.33285094066570187,0.3389694041867955,0.6718203448524973,114.0,0.8245614035087719,1,0,0,0,0,0,557,145,337,106,OF,0.0,0.0,0.0,0.0,0.0,0.0,0.0,0.0,0.0,0.0,0.0,0.0,0.0,0.0,9.700000000000001,0.0,0,0.0
gimench01,Chris Gimenez,10,2009,2018,391.0,927.0,118.0,202.0,43.0,1.0,24.0,89.0,5.0,3.0,115.0,261.0,1.0,7.0,13.0,5.0,28.0,1067.0,319.0,0.21790722761596548,0.30740037950664134,0.3441208198489752,0.6515211993556165,8.0,0.625,11,292,46,0,8,0,31,24,0,8,C,0.0,0.0,0.0,0.0,0.0,0.0,0.0,0.0,0.0,0.0,0.0,0.0,0.0,0.0,0.68,0.0,0,0.0
goldspa01,Paul Goldschmidt,10,2011,2020,1311.0,4763.0,837.0,1395.0,305.0,20.0,249.0,828.0,128.0,33.0,770.0,1268.0,105.0,35.0,0.0,41.0,114.0,5609.0,2487.0,0.2928826369934915,0.3922267783918702,0.52214990552173,0.9143766839136003,161.0,0.7950310559006211,0,0,1281,0,0,0,0,0,0,0,1B,0.0,0.0,0.0,0.0,3.0,0.0,0.0,0.0,0.0,0.0,0.0,0.0,0.0,3.0,45.11,0.0,0,0.0
gomesjo01,Jonny Gomes,13,2003,2015,1203.0,3456.0,495.0,835.0,157.0,14.0,162.0,526.0,50.0,24.0,417.0,1088.0,19.0,83.0,2.0,51.0,52.0,4009.0,1506.0,0.2416087962962963,0.33316695782380834,0.4357638888888889,0.7689308467126972,74.0,0.6756756756756757,1,0,0,0,0,0,730,568,0,168,OF,0.0,0.0,0.0,0.0,0.0,0.0,0.0,0.0,0.0,0.0,0.0,0.0,0.0,0.0,3.5200000000000014,0.0,0,0.0
gomezca01,Carlos Gomez,13,2007,2019,1461.0,4724.0,675.0,1189.0,236.0,41.0,145.0,546.0,268.0,74.0,319.0,1259.0,9.0,112.0,45.0,27.0,75.0,5227.0,1942.0,0.2516934801016088,0.3126206098031648,0.4110922946655377,0.7237129044687025,342.0,0.783625730994152,1,0,0,2,0,0,1378,73,1191,137,OF,0.0,0.0,0.0,0.0,0.0,0.0,0.0,0.0,0.0,1.0,0.0,0.0,1.0,1.0,24.36,0.0,0,0.0
gonzaad01,Adrian Gonzalez,15,2004,2018,1929.0,7139.0,997.0,2050.0,437.0,12.0,317.0,1202.0,6.0,7.0,782.0,1401.0,158.0,45.0,4.0,73.0,207.0,8043.0,3462.0,0.28715506373441657,0.35788033337479785,0.48494186860904887,0.8428222019838467,13.0,0.46153846153846156,0,0,1836,0,0,0,21,0,0,21,1B,0.0,0.0,0.0,0.0,4.0,0.0,0.0,0.0,0.0,0.0,0.0,0.0,0.0,4.0,43.55,0.0,0,0.0
gonzaca01,Carlos Gonzalez,12,2008,2019,1377.0,5033.0,821.0,1432.0,302.0,40.0,234.0,785.0,122.0,33.0,448.0,1240.0,55.0,22.0,7.0,41.0,93.0,5551.0,2516.0,0.2845221537850189,0.3430735930735931,0.4999006556725611,0.8429742487461542,155.0,0.7870967741935484,0,0,0,0,0,0,1305,476,200,693,OF,0.0,0.0,0.0,0.0,0.0,0.0,0.0,0.0,2.0,0.0,0.0,1.0,3.0,3.0,24.17,0.0,0,0.0
gordoal01,Alex Gordon,14,2007,2020,1753.0,6391.0,867.0,1643.0,357.0,26.0,190.0,749.0,113.0,45.0,684.0,1535.0,48.0,121.0,8.0,43.0,110.0,7247.0,2622.0,0.2570802691284619,0.338168255283879,0.4102644343608199,0.7484326896446989,158.0,0.7151898734177216,2,0,40,0,329,1,1382,1361,26,5,OF,0.0,0.0,0.0,0.0,0.0,0.0,0.0,0.0,5.0,0.0,0.0,0.0,5.0,5.0,35.22,0.0,0,0.0
gordode01,Dee Strange-Gordon,10,2011,2020,1002.0,3847.0,532.0,1100.0,124.0,54.0,18.0,234.0,333.0,100.0,168.0,610.0,6.0,32.0,29.0,26.0,45.0,4102.0,1386.0,0.28593709383935534,0.3191750552418365,0.3602807382375877,0.6794557934794242,433.0,0.76905311778291,0,0,0,728,0,176,66,13,53,0,2B,0.0,0.0,0.0,0.0,0.0,1.0,0.0,0.0,0.0,0.0,0.0,0.0,0.0,1.0,11.970000000000002,0.0,0,0.0
grandcu01,Curtis Granderson,16,2004,2019,2057.0,7236.0,1217.0,1800.0,346.0,95.0,344.0,937.0,153.0,50.0,924.0,1916.0,31.0,67.0,30.0,49.0,64.0,8306.0,3368.0,0.24875621890547264,0.33724021266312226,0.4654505251520177,0.80269073781514,203.0,0.7536945812807881,0,0,0,0,0,0,1897,214,1254,504,OF,0.0,0.0,0.0,0.0,0.0,0.0,0.0,0.0,0.0,0.0,0.0,0.0,0.0,0.0,47.03,0.0,0,0.0
gutiefr01,Franklin Gutierrez,12,2005,2017,954.0,3032.0,394.0,778.0,150.0,9.0,97.0,361.0,78.0,19.0,228.0,736.0,12.0,22.0,31.0,22.0,71.0,3335.0,1237.0,0.25659630606860157,0.31113801452784506,0.40798153034300794,0.719119544870853,97.0,0.8041237113402062,0,0,0,0,0,0,858,98,475,302,OF,0.0,0.0,0.0,0.0,0.0,0.0,0.0,0.0,0.0,0.0,0.0,1.0,1.0,1.0,18.15,0.0,0,0.0
hanigry01,Ryan Hanigan,11,2007,2017,680.0,1959.0,192.0,492.0,71.0,1.0,30.0,214.0,1.0,1.0,255.0,290.0,40.0,29.0,14.0,11.0,55.0,2268.0,655.0,0.25114854517611024,0.3442768411712511,0.3343542623787647,0.6786311035500159,2.0,0.5,0,656,0,0,0,0,0,0,0,0,C,0.0,0.0,0.0,0.0,0.0,0.0,0.0,0.0,0.0,0.0,0.0,0.0,0.0,0.0,9.18,0.0,0,0.0
hardyjj01,J. J. Hardy,13,2005,2017,1561.0,5805.0,718.0,1488.0,291.0,14.0,188.0,688.0,8.0,9.0,411.0,960.0,24.0,15.0,40.0,38.0,156.0,6309.0,2371.0,0.2563307493540052,0.30531185197001115,0.40844099913867354,0.7137528511086847,17.0,0.47058823529411764,0,0,0,0,0,1544,0,0,0,0,SS,0.0,0.0,0.0,0.0,0.0,0.0,0.0,3.0,0.0,0.0,0.0,0.0,0.0,3.0,28.05,0.0,0,0.0
harrijo05,Josh Harrison,10,2011,2020,911.0,3003.0,384.0,819.0,163.0,28.0,56.0,291.0,80.0,31.0,132.0,496.0,5.0,60.0,27.0,28.0,48.0,3250.0,1206.0,0.2727272727272727,0.3136829041265901,0.4015984015984016,0.7152813057249917,111.0,0.7207207207207207,1,0,1,443,276,37,116,51,0,68,2B,0.0,0.0,0.0,0.0,0.0,0.0,0.0,0.0,0.0,0.0,0.0,0.0,0.0,0.0,13.98,0.0,0,0.0
hartco01,Corey Hart,11,2004,2015,1048.0,3729.0,549.0,1009.0,221.0,33.0,162.0,538.0,85.0,40.0,286.0,853.0,16.0,52.0,15.0,32.0,90.0,4114.0,1782.0,0.2705819254491821,0.3286167357892169,0.4778761061946903,0.8064928419839072,125.0,0.68,0,0,115,0,0,0,804,29,51,751,OF,0.0,0.0,0.0,0.0,0.0,0.0,0.0,0.0,0.0,0.0,0.0,0.0,0.0,0.0,14.43,0.0,0,0.0
headlch01,Chase Headley,12,2007,2018,1436.0,5088.0,637.0,1337.0,272.0,16.0,130.0,596.0,93.0,29.0,574.0,1298.0,30.0,61.0,3.0,35.0,113.0,5761.0,2031.0,0.2627751572327044,0.3424800277874262,0.39917452830188677,0.741654556089313,122.0,0.7622950819672131,0,0,58,1,1123,0,196,196,0,0,3B,0.0,0.0,0.0,0.0,0.0,0.0,1.0,0.0,0.0,0.0,0.0,0.0,0.0,1.0,25.919999999999998,0.0,0,0.0
heywaja01,Jason Heyward,11,2010,2020,1427.0,5067.0,731.0,1325.0,249.0,36.0,150.0,601.0,112.0,39.0,606.0,1001.0,23.0,49.0,6.0,25.0,86.0,5753.0,2096.0,0.2614959542135386,0.34452757960675134,0.4136569962502467,0.758184575856998,151.0,0.7417218543046358,0,0,0,0,0,0,1401,0,178,1319,OF,0.0,0.0,0.0,0.0,0.0,0.0,0.0,0.0,0.0,0.0,4.0,1.0,5.0,5.0,38.38000000000001,0.0,0,0.0
hillaa01,Aaron Hill,13,2005,2017,1559.0,5646.0,736.0,1501.0,325.0,22.0,162.0,695.0,74.0,35.0,443.0,847.0,21.0,55.0,19.0,51.0,134.0,6214.0,2356.0,0.26585193057031525,0.32267958030669897,0.4172865745660645,0.7399661548727634,109.0,0.6788990825688074,0,0,0,1210,190,79,6,6,0,0,2B,0.0,0.0,0.0,0.0,0.0,0.0,0.0,0.0,0.0,0.0,0.0,0.0,0.0,0.0,24.36,0.0,0,0.0
hollima01,Matt Holliday,15,2004,2018,1903.0,7009.0,1157.0,2096.0,468.0,32.0,316.0,1220.0,108.0,37.0,802.0,1362.0,57.0,124.0,1.0,45.0,220.0,7981.0,3576.0,0.29904408617491796,0.3786967418546366,0.5102011699243829,0.8888979117790194,145.0,0.7448275862068966,0,0,19,0,0,0,1712,1711,0,0,OF,0.0,0.0,0.0,0.0,0.0,0.0,0.0,0.0,0.0,0.0,0.0,0.0,0.0,0.0,44.39000000000001,0.0,0,0.0
hosmeer01,Eric Hosmer,10,2011,2020,1403.0,5366.0,714.0,1492.0,272.0,20.0,176.0,770.0,71.0,26.0,471.0,1047.0,46.0,17.0,2.0,37.0,137.0,5893.0,2332.0,0.27804696235557214,0.3361059242912918,0.43458814759597464,0.7706940718872665,97.0,0.7319587628865979,0,0,1374,0,0,0,5,0,0,5,1B,0.0,0.0,0.0,0.0,4.0,0.0,0.0,0.0,0.0,0.0,0.0,0.0,0.0,4.0,17.76,0.0,0,0.0
howarry01,Ryan Howard,13,2004,2016,1572.0,5707.0,848.0,1475.0,277.0,21.0,382.0,1194.0,12.0,5.0,709.0,1843.0,154.0,59.0,0.0,55.0,116.0,6530.0,2940.0,0.2584545295251446,0.34349157733537516,0.5151568249518136,0.8586484022871888,17.0,0.7058823529411765,0,0,1477,0,0,0,0,0,0,0,1B,1.0,1.0,0.0,0.0,0.0,0.0,0.0,0.0,0.0,0.0,0.0,0.0,0.0,0.0,14.69,0.0,0,0.0
hundlni01,Nick Hundley,12,2008,2019,974.0,3097.0,319.0,766.0,169.0,20.0,93.0,376.0,15.0,18.0,219.0,810.0,18.0,19.0,10.0,28.0,69.0,3373.0,1254.0,0.24733613174039393,0.29854296758846266,0.4049079754601227,0.7034509430485854,33.0,0.45454545454545453,0,892,0,0,0,0,1,1,0,0,C,0.0,0.0,0.0,0.0,0.0,0.0,0.0,0.0,0.0,0.0,0.0,0.0,0.0,0.0,7.490000000000001,0.0,0,0.0
hunteto01,Torii Hunter,19,1997,2015,2372.0,8857.0,1296.0,2452.0,498.0,39.0,353.0,1391.0,195.0,99.0,661.0,1741.0,52.0,97.0,6.0,71.0,262.0,9692.0,4087.0,0.27684317488991755,0.33140615321081973,0.4614429264988145,0.7928490797096343,294.0,0.6632653061224489,0,0,0,0,0,0,2256,17,1523,724,OF,0.0,0.0,0.0,0.0,0.0,0.0,0.0,0.0,0.0,0.0,0.0,9.0,9.0,9.0,50.650000000000006,0.0,0,0.0
iannech01,Chris Iannetta,14,2006,2019,1197.0,3563.0,449.0,820.0,181.0,11.0,141.0,502.0,11.0,10.0,576.0,1024.0,29.0,69.0,9.0,36.0,83.0,4253.0,1446.0,0.23014313780522033,0.3451932139491046,0.40583777715408365,0.7510309911031883,21.0,0.5238095238095238,0,1122,7,0,4,0,0,0,0,0,C,0.0,0.0,0.0,0.0,0.0,0.0,0.0,0.0,0.0,0.0,0.0,0.0,0.0,0.0,15.04,0.0,0,0.0
infanom01,Omar Infante,15,2002,2016,1507.0,5271.0,609.0,1427.0,260.0,53.0,82.0,542.0,80.0,33.0,296.0,776.0,11.0,14.0,64.0,53.0,89.0,5698.0,2039.0,0.2707266173401632,0.3083067092651757,0.38683361790931514,0.6951403271744909,113.0,0.7079646017699115,0,0,0,1045,107,225,101,57,32,15,2B,0.0,0.0,0.0,0.0,0.0,0.0,0.0,0.0,0.0,0.0,0.0,0.0,0.0,0.0,16.89,0.0,0,0.0
jayjo02,Jon Jay,11,2010,2020,1196.0,3824.0,530.0,1082.0,185.0,25.0,37.0,340.0,55.0,33.0,285.0,714.0,22.0,110.0,55.0,26.0,90.0,4300.0,1428.0,0.28294979079497906,0.3479387514723204,0.37343096234309625,0.7213697138154167,88.0,0.625,1,0,0,0,0,0,1062,202,678,281,OF,0.0,0.0,0.0,0.0,0.0,0.0,0.0,0.0,0.0,0.0,0.0,0.0,0.0,0.0,12.73,0.0,0,0.0
johnsda06,Dan Johnson,10,2005,2015,443.0,1382.0,179.0,324.0,61.0,2.0,57.0,203.0,1.0,1.0,214.0,244.0,8.0,7.0,0.0,22.0,35.0,1625.0,560.0,0.23444283646888567,0.3353846153846154,0.40520984081041966,0.7405944561950351,2.0,0.5,0,0,343,0,9,0,4,4,0,0,1B,0.0,0.0,0.0,0.0,0.0,0.0,0.0,0.0,0.0,0.0,0.0,0.0,0.0,0.0,3.2899999999999996,0.0,0,0.0
johnske05,Kelly Johnson,11,2005,2016,1399.0,4543.0,632.0,1140.0,230.0,40.0,155.0,550.0,87.0,36.0,516.0,1145.0,19.0,28.0,28.0,22.0,70.0,5137.0,1915.0,0.2509355051727933,0.3296144059502838,0.42152762491745543,0.7511420308677392,123.0,0.7073170731707317,0,0,63,894,109,2,189,180,0,9,2B,0.0,0.0,0.0,0.0,0.0,0.0,0.0,0.0,0.0,0.0,0.0,0.0,0.0,0.0,16.580000000000005,0.0,0,0.0
johnsre02,Reed Johnson,13,2003,2015,1320.0,3630.0,518.0,1014.0,215.0,23.0,65.0,408.0,41.0,29.0,181.0,728.0,11.0,134.0,25.0,22.0,78.0,3992.0,1470.0,0.2793388429752066,0.33501386438114444,0.4049586776859504,0.7399725420670948,70.0,0.5857142857142857,0,0,0,0,0,0,1079,596,259,332,OF,0.0,0.0,0.0,0.0,0.0,0.0,0.0,0.0,0.0,0.0,0.0,0.0,0.0,0.0,10.59,0.0,0,0.0
jonesad01,Adam Jones,14,2006,2019,1823.0,7009.0,963.0,1939.0,336.0,29.0,282.0,945.0,97.0,35.0,340.0,1395.0,20.0,103.0,8.0,55.0,190.0,7515.0,3179.0,0.2766443144528463,0.31730384974024245,0.4535597089456413,0.7708635586858837,132.0,0.7348484848484849,0,0,0,0,0,0,1783,28,1590,169,OF,0.0,0.0,0.0,0.0,0.0,0.0,0.0,0.0,0.0,2.0,1.0,1.0,4.0,4.0,32.540000000000006,0.0,0,0.0
joycema01,Matthew Joyce,13,2008,2020,1357.0,3663.0,531.0,893.0,205.0,15.0,147.0,496.0,35.0,23.0,547.0,919.0,26.0,31.0,3.0,42.0,74.0,4286.0,1569.0,0.2437892437892438,0.3434508522063974,0.4283374283374283,0.7717882805438256,58.0,0.603448275862069,0,0,0,0,0,0,1005,442,8,596,OF,0.0,0.0,0.0,0.0,0.0,0.0,0.0,0.0,0.0,0.0,0.0,0.0,0.0,0.0,15.149999999999999,0.0,0,0.0
kempma01,Matt Kemp,15,2006,2020,1750.0,6365.0,950.0,1808.0,338.0,37.0,287.0,1031.0,184.0,63.0,518.0,1641.0,69.0,26.0,1.0,72.0,184.0,6982.0,3081.0,0.2840534171249018,0.3369144821658788,0.4840534171249018,0.8209678992907806,247.0,0.7449392712550608,0,0,0,0,0,0,1622,305,827,524,OF,0.0,0.0,0.0,0.0,0.0,0.0,0.0,0.0,0.0,1.0,0.0,1.0,2.0,2.0,21.64,0.0,0,0.0
kendrho01,Howie Kendrick,15,2006,2020,1621.0,5950.0,792.0,1747.0,354.0,38.0,127.0,724.0,126.0,47.0,349.0,1102.0,34.0,61.0,24.0,37.0,193.0,6421.0,2558.0,0.29361344537815126,0.33718930748788495,0.4299159663865546,0.7671052738744395,173.0,0.7283236994219653,0,0,149,1183,33,0,190,188,1,3,2B,0.0,0.0,0.0,0.0,0.0,0.0,0.0,0.0,0.0,0.0,0.0,0.0,0.0,0.0,34.74000000000001,0.0,0,0.0
kinslia01,Ian Kinsler,14,2006,2019,1888.0,7423.0,1243.0,1999.0,416.0,41.0,257.0,909.0,243.0,74.0,693.0,1046.0,11.0,92.0,32.0,59.0,161.0,8299.0,3268.0,0.26929812744173515,0.33676061449135114,0.44025326687323185,0.777013881364583,317.0,0.7665615141955836,1,0,0,1828,1,0,0,0,0,0,2B,0.0,0.0,0.0,0.0,0.0,1.0,0.0,0.0,0.0,0.0,0.0,0.0,0.0,1.0,55.170000000000016,0.0,0,0.0
kipnija01,Jason Kipnis,10,2011,2020,1165.0,4404.0,607.0,1147.0,260.0,24.0,126.0,545.0,136.0,33.0,467.0,951.0,16.0,39.0,26.0,48.0,76.0,4984.0,1833.0,0.2604450499545867,0.3334005647438483,0.4162125340599455,0.7496130988037939,169.0,0.8047337278106509,0,0,1,1086,0,0,25,0,25,0,2B,0.0,0.0,0.0,0.0,0.0,0.0,0.0,0.0,0.0,0.0,0.0,0.0,0.0,0.0,21.750000000000004,0.0,0,0.0
kratzer01,Erik Kratz,11,2010,2020,335.0,881.0,76.0,184.0,36.0,0.0,31.0,105.0,1.0,0.0,47.0,208.0,7.0,12.0,2.0,9.0,28.0,951.0,313.0,0.20885357548240635,0.256059009483667,0.35527809307604996,0.611337102559717,1.0,1.0,7,276,8,0,0,0,0,0,0,0,C,0.0,0.0,0.0,0.0,0.0,0.0,0.0,0.0,0.0,0.0,0.0,0.0,0.0,0.0,0.029999999999999916,0.0,0,0.0
lairdge01,Gerald Laird,13,2003,2015,799.0,2452.0,314.0,597.0,137.0,9.0,38.0,238.0,21.0,11.0,193.0,494.0,8.0,32.0,35.0,22.0,58.0,2734.0,866.0,0.24347471451876018,0.30455724342349016,0.3531810766721044,0.6577383200955946,32.0,0.65625,0,754,2,0,2,0,3,1,0,2,C,0.0,0.0,0.0,0.0,0.0,0.0,0.0,0.0,0.0,0.0,0.0,0.0,0.0,0.0,6.52,0.0,0,0.0
larocad01,Adam LaRoche,12,2004,2015,1605.0,5593.0,752.0,1452.0,340.0,13.0,255.0,882.0,13.0,11.0,649.0,1407.0,67.0,24.0,5.0,58.0,128.0,6329.0,2583.0,0.2596102270695512,0.33602150537634407,0.4618272841051314,0.7978487894814754,24.0,0.5416666666666666,1,0,1468,0,0,0,0,0,0,0,1B,0.0,0.0,0.0,0.0,1.0,0.0,0.0,0.0,0.0,0.0,0.0,0.0,0.0,1.0,14.209999999999999,0.0,0,0.0
lemahdj01,DJ LeMahieu,10,2011,2020,1150.0,4242.0,651.0,1294.0,206.0,35.0,85.0,478.0,83.0,41.0,342.0,688.0,20.0,19.0,35.0,32.0,130.0,4670.0,1825.0,0.30504479019330505,0.35706580366774543,0.4302215935879302,0.7872873972556756,124.0,0.6693548387096774,0,0,55,1004,104,4,0,0,0,0,2B,0.0,0.0,0.0,0.0,0.0,2.0,0.0,0.0,0.0,0.0,0.0,0.0,0.0,2.0,24.8,0.0,0,0.0
lindad01,Adam Lind,12,2006,2017,1344.0,4577.0,588.0,1247.0,259.0,12.0,200.0,723.0,7.0,5.0,393.0,945.0,45.0,17.0,3.0,39.0,117.0,5029.0,2130.0,0.2724492025344112,0.3296856346995623,0.46537032991042165,0.795055964609984,12.0,0.5833333333333334,0,0,582,0,0,0,249,249,0,0,1B,0.0,0.0,0.0,0.0,0.0,0.0,0.0,0.0,0.0,0.0,0.0,0.0,0.0,0.0,12.65,0.0,0,0.0
loneyja01,James Loney,11,2006,2016,1443.0,5023.0,528.0,1425.0,267.0,21.0,108.0,669.0,38.0,21.0,397.0,652.0,61.0,20.0,8.0,38.0,156.0,5486.0,2058.0,0.2836950029862632,0.3362541073384447,0.40971530957595065,0.7459694169143953,59.0,0.6440677966101694,0,0,1392,0,0,0,3,0,0,3,1B,0.0,0.0,0.0,0.0,0.0,0.0,0.0,0.0,0.0,0.0,0.0,0.0,0.0,0.0,11.319999999999999,0.0,0,0.0
longoev01,Evan Longoria,13,2008,2020,1742.0,6576.0,916.0,1752.0,392.0,26.0,304.0,1043.0,57.0,18.0,645.0,1472.0,81.0,69.0,1.0,89.0,183.0,7380.0,3108.0,0.2664233576642336,0.33419162488142024,0.4726277372262774,0.8068193621076976,75.0,0.76,0,0,0,0,1639,1,0,0,0,0,3B,1.0,0.0,0.0,0.0,0.0,0.0,3.0,0.0,0.0,0.0,0.0,0.0,0.0,3.0,56.72,0.0,0,0.0
lowrije01,Jed Lowrie,12,2008,2019,1118.0,3991.0,521.0,1043.0,259.0,17.0,104.0,509.0,7.0,3.0,439.0,748.0,18.0,22.0,8.0,40.0,81.0,4500.0,1648.0,0.2613380105236783,0.3348174532502226,0.41292909045352044,0.747746543703743,10.0,0.7,0,0,11,412,145,508,0,0,0,0,SS,0.0,0.0,0.0,0.0,0.0,0.0,0.0,0.0,0.0,0.0,0.0,0.0,0.0,0.0,17.000000000000004,0.0,0,0.0
lucrojo01,Jonathan Lucroy,11,2010,2020,1203.0,4121.0,481.0,1128.0,216.0,24.0,108.0,545.0,30.0,9.0,366.0,658.0,20.0,34.0,7.0,40.0,136.0,4568.0,1716.0,0.27371997088085415,0.33501425126068846,0.416403785488959,0.7514180367496475,39.0,0.7692307692307693,0,1092,56,0,0,0,0,0,0,0,C,0.0,0.0,0.0,0.0,0.0,0.0,0.0,0.0,0.0,0.0,0.0,0.0,0.0,0.0,17.77,0.0,0,0.0
maldoma01,Martin Maldonado,10,2011,2020,764.0,2235.0,236.0,488.0,95.0,3.0,69.0,244.0,3.0,5.0,189.0,617.0,16.0,51.0,26.0,7.0,56.0,2508.0,796.0,0.21834451901565996,0.29331184528605964,0.3561521252796421,0.6494639705657017,8.0,0.375,1,708,19,0,0,0,0,0,0,0,C,0.0,0.0,0.0,1.0,0.0,0.0,0.0,0.0,0.0,0.0,0.0,0.0,0.0,1.0,7.4,0.0,0,0.0
markani01,Nick Markakis,15,2006,2020,2154.0,8302.0,1119.0,2388.0,514.0,22.0,189.0,1046.0,66.0,32.0,891.0,1230.0,79.0,51.0,4.0,73.0,214.0,9321.0,3513.0,0.2876415321609251,0.35741118385746484,0.4231510479402554,0.7805622317977202,98.0,0.673469387755102,0,0,6,0,0,0,2107,45,9,2074,OF,0.0,0.0,0.0,0.0,0.0,0.0,0.0,0.0,0.0,1.0,1.0,0.0,2.0,2.0,33.99,0.0,0,0.0
martijd02,J. D. Martinez,10,2011,2020,1122.0,4183.0,622.0,1213.0,254.0,17.0,238.0,738.0,25.0,11.0,411.0,1129.0,46.0,24.0,0.0,40.0,129.0,4658.0,2215.0,0.2899832655988525,0.35379991412623446,0.5295242648816639,0.8833241790078984,36.0,0.6944444444444444,0,0,0,0,0,0,813,334,0,492,OF,0.0,0.0,0.0,0.0,0.0,0.0,0.0,0.0,0.0,0.0,0.0,0.0,0.0,0.0,23.57,0.0,0,0.0
martiru01,Russell Martin,14,2006,2019,1693.0,5701.0,803.0,1416.0,255.0,9.0,191.0,771.0,101.0,51.0,792.0,1211.0,46.0,107.0,12.0,36.0,190.0,6648.0,2262.0,0.24837747763550255,0.3488547317661242,0.396772496053324,0.7456272278194482,152.0,0.6644736842105263,4,1579,0,4,57,3,2,1,0,1,C,0.0,0.0,0.0,1.0,0.0,0.0,0.0,0.0,0.0,0.0,0.0,0.0,0.0,1.0,38.68,0.0,0,0.0
martivi01,Victor Martinez,16,2002,2018,1973.0,7297.0,914.0,2153.0,423.0,3.0,246.0,1178.0,7.0,7.0,730.0,891.0,119.0,53.0,0.0,86.0,264.0,8166.0,3320.0,0.29505276140879816,0.3595395542493265,0.4549814992462656,0.814521053495592,14.0,0.5,0,858,214,0,0,0,0,0,0,0,C,0.0,0.0,0.0,0.0,0.0,0.0,0.0,0.0,0.0,0.0,0.0,0.0,0.0,0.0,31.879999999999992,0.0,0,0.0
mathije01,Jeff Mathis,16,2005,2020,948.0,2709.0,255.0,526.0,112.0,8.0,53.0,286.0,12.0,8.0,205.0,867.0,17.0,16.0,51.0,25.0,39.0,3006.0,813.0,0.19416758951642674,0.25279187817258886,0.3001107419712071,0.5529026201437959,20.0,0.6,5,911,0,1,0,0,0,0,0,0,C,0.0,0.0,0.0,0.0,0.0,0.0,0.0,0.0,0.0,0.0,0.0,0.0,0.0,0.0,0.6099999999999997,0.0,0,0.0
mauerjo01,Joe Mauer,15,2004,2018,1858.0,6930.0,1018.0,2123.0,428.0,30.0,143.0,923.0,52.0,19.0,939.0,1034.0,145.0,25.0,6.0,60.0,208.0,7960.0,3040.0,0.30634920634920637,0.38810661302489313,0.43867243867243866,0.8267790516973318,71.0,0.7323943661971831,0,921,603,0,0,0,2,0,0,2,C,0.0,1.0,0.0,3.0,0.0,0.0,0.0,0.0,0.0,0.0,0.0,0.0,0.0,3.0,55.32000000000001,0.0,0,0.0
maybica01,Cameron Maybin,14,2007,2020,1153.0,3796.0,554.0,972.0,173.0,34.0,72.0,354.0,186.0,55.0,365.0,909.0,11.0,24.0,18.0,15.0,87.0,4218.0,1429.0,0.256059009483667,0.32404761904761903,0.37644889357218125,0.7004965126198003,241.0,0.7717842323651453,0,0,0,0,0,0,1087,167,867,89,OF,0.0,0.0,0.0,0.0,0.0,0.0,0.0,0.0,0.0,0.0,0.0,0.0,0.0,0.0,13.850000000000001,0.0,0,0.0
mccanbr01,Brian McCann,15,2005,2019,1755.0,6067.0,742.0,1590.0,294.0,5.0,282.0,1018.0,25.0,9.0,640.0,1054.0,71.0,75.0,9.0,59.0,180.0,6850.0,2740.0,0.2620735124443712,0.33693904399941527,0.45162353716828746,0.7885625811677027,34.0,0.7352941176470589,0,1612,29,0,0,0,0,0,0,0,C,0.0,0.0,0.0,0.0,0.0,0.0,0.0,0.0,0.0,0.0,0.0,0.0,0.0,0.0,31.900000000000002,0.0,0,0.0
mccutan01,Andrew McCutchen,12,2009,2020,1617.0,6038.0,974.0,1719.0,343.0,48.0,243.0,853.0,191.0,77.0,845.0,1286.0,64.0,73.0,3.0,55.0,98.0,7014.0,2887.0,0.28469691950977144,0.3761232349165597,0.4781384564425306,0.8542616913590904,268.0,0.7126865671641791,0,0,0,0,0,0,1575,103,1329,156,OF,0.0,1.0,0.0,0.0,0.0,0.0,0.0,0.0,0.0,1.0,0.0,0.0,1.0,1.0,44.63999999999999,0.0,0,0.0
molinya01,Yadier Molina,17,2004,2020,2025.0,7115.0,713.0,2001.0,381.0,7.0,160.0,932.0,66.0,37.0,513.0,803.0,49.0,69.0,43.0,71.0,261.0,7811.0,2876.0,0.28123682361208713,0.3325180226570546,0.40421644413211527,0.7367344667891699,103.0,0.6407766990291263,0,1989,46,0,1,0,0,0,0,0,C,0.0,0.0,0.0,8.0,0.0,0.0,0.0,0.0,0.0,0.0,0.0,0.0,0.0,8.0,40.43,0.0,0,0.0
montemi01,Miguel Montero,13,2006,2018,1185.0,3801.0,458.0,973.0,197.0,7.0,126.0,550.0,5.0,9.0,446.0,881.0,56.0,54.0,5.0,37.0,106.0,4343.0,1562.0,0.2559852670349908,0.33955739972337484,0.4109444882925546,0.7505018880159294,14.0,0.35714285714285715,2,1077,1,0,0,0,0,0,0,0,C,0.0,0.0,0.0,0.0,0.0,0.0,0.0,0.0,0.0,0.0,0.0,0.0,0.0,0.0,14.33,0.0,0,0.0
moralke01,Kendrys Morales,13,2006,2019,1363.0,4856.0,584.0,1289.0,257.0,7.0,213.0,740.0,6.0,15.0,417.0,978.0,39.0,48.0,0.0,36.0,170.0,5357.0,2199.0,0.2654448105436573,0.327422064588389,0.45284184514003295,0.780263909728422,21.0,0.2857142857142857,2,0,449,0,1,0,23,0,0,23,1B,0.0,0.0,0.0,0.0,0.0,0.0,0.0,0.0,0.0,0.0,0.0,0.0,0.0,0.0,13.11,0.0,0,0.0
morelmi01,Mitch Moreland,11,2010,2020,1179.0,3842.0,499.0,968.0,208.0,8.0,176.0,588.0,11.0,5.0,367.0,917.0,34.0,33.0,6.0,36.0,92.0,4284.0,1720.0,0.2519521082769391,0.31977559607293127,0.44768349817803227,0.7674590942509636,16.0,0.6875,2,0,1038,0,0,0,47,2,0,45,1B,0.0,0.0,0.0,0.0,1.0,0.0,0.0,0.0,0.0,0.0,0.0,0.0,0.0,1.0,10.18,0.0,0,0.0
morneju01,Justin Morneau,14,2003,2016,1545.0,5699.0,772.0,1603.0,349.0,23.0,247.0,985.0,5.0,10.0,573.0,988.0,92.0,46.0,0.0,74.0,138.0,6392.0,2739.0,0.2812774170907177,0.347622027534418,0.4806106334444639,0.8282326609788819,15.0,0.3333333333333333,0,0,1324,0,0,0,0,0,0,0,1B,0.0,1.0,0.0,0.0,0.0,0.0,0.0,0.0,0.0,0.0,0.0,0.0,0.0,0.0,26.95,0.0,0,0.0
morrilo01,Logan Morrison,11,2010,2020,997.0,3331.0,416.0,792.0,163.0,21.0,140.0,426.0,23.0,10.0,393.0,740.0,25.0,37.0,1.0,17.0,68.0,3779.0,1417.0,0.23776643650555387,0.3234515616728428,0.42539777844491145,0.7488493401177543,33.0,0.696969696969697,0,0,584,0,0,0,256,245,0,11,1B,0.0,0.0,0.0,0.0,0.0,0.0,0.0,0.0,0.0,0.0,0.0,0.0,0.0,0.0,4.249999999999999,0.0,0,0.0
morsemi01,Mike Morse,13,2005,2017,832.0,2569.0,296.0,705.0,139.0,8.0,105.0,355.0,6.0,6.0,178.0,668.0,7.0,47.0,0.0,19.0,83.0,2813.0,1175.0,0.2744258466329311,0.33060789193032347,0.4573764110548852,0.7879843029852087,12.0,0.5,0,0,242,0,9,57,410,244,0,179,OF,0.0,0.0,0.0,0.0,0.0,0.0,0.0,0.0,0.0,0.0,0.0,0.0,0.0,0.0,3.9699999999999998,0.0,0,0.0
mossbr01,Brandon Moss,11,2007,2017,1016.0,3133.0,419.0,742.0,159.0,17.0,160.0,473.0,11.0,11.0,328.0,968.0,23.0,36.0,0.0,24.0,54.0,3521.0,1415.0,0.23683370571337375,0.31411530815109345,0.45164379189275455,0.765759100043848,22.0,0.5,0,0,355,0,2,0,499,220,2,300,OF,0.0,0.0,0.0,0.0,0.0,0.0,0.0,0.0,0.0,0.0,0.0,0.0,0.0,0.0,4.970000000000001,0.0,0,0.0
moustmi01,Mike Moustakas,10,2011,2020,1175.0,4273.0,501.0,1073.0,235.0,6.0,190.0,588.0,19.0,10.0,334.0,752.0,25.0,49.0,8.0,36.0,101.0,4700.0,1890.0,0.25111163117247837,0.3103154305200341,0.44231219283875495,0.752627623358789,29.0,0.6551724137931034,0,0,14,79,1044,0,0,0,0,0,3B,0.0,0.0,0.0,0.0,0.0,0.0,0.0,0.0,0.0,0.0,0.0,0.0,0.0,0.0,15.61,0.0,0,0.0
murphda07,David Murphy,10,2006,2015,1110.0,3467.0,440.0,950.0,203.0,16.0,104.0,472.0,54.0,28.0,316.0,575.0,23.0,9.0,7.0,37.0,61.0,3836.0,1497.0,0.27401211421978655,0.3329851136066858,0.4317854052494952,0.7647705188561811,82.0,0.6585365853658537,2,0,0,0,0,0,966,651,57,321,OF,0.0,0.0,0.0,0.0,0.0,0.0,0.0,0.0,0.0,0.0,0.0,0.0,0.0,0.0,10.040000000000001,0.0,0,0.0
murphda08,Daniel Murphy,12,2008,2020,1452.0,5308.0,710.0,1572.0,371.0,29.0,138.0,735.0,68.0,25.0,364.0,709.0,56.0,25.0,7.0,48.0,124.0,5752.0,2415.0,0.2961567445365486,0.3413402959094865,0.4549736247174077,0.7963139206268942,93.0,0.7311827956989247,0,0,364,837,87,0,60,60,0,0,2B,0.0,0.0,0.0,0.0,0.0,0.0,0.0,0.0,0.0,0.0,0.0,0.0,0.0,0.0,19.630000000000003,0.0,0,0.0
napolmi01,Mike Napoli,12,2006,2017,1392.0,4572.0,697.0,1125.0,224.0,11.0,267.0,744.0,39.0,24.0,650.0,1468.0,31.0,69.0,2.0,36.0,114.0,5329.0,2172.0,0.24606299212598426,0.3461610662661911,0.47506561679790027,0.8212266830640913,63.0,0.6190476190476191,0,539,678,0,0,0,11,11,0,0,1B,0.0,0.0,0.0,0.0,0.0,0.0,0.0,0.0,0.0,0.0,0.0,0.0,0.0,0.0,26.300000000000004,0.0,0,0.0
navardi01,Dioner Navarro,13,2004,2016,1009.0,3207.0,322.0,802.0,142.0,6.0,77.0,367.0,14.0,12.0,265.0,518.0,20.0,19.0,31.0,29.0,80.0,3551.0,1187.0,0.25007795447458686,0.3085227272727273,0.37012784533832244,0.6786505726110497,26.0,0.5384615384615384,0,891,0,0,0,0,0,0,0,0,C,0.0,0.0,0.0,0.0,0.0,0.0,0.0,0.0,0.0,0.0,0.0,0.0,0.0,0.0,7.06,0.0,0,0.0
nievewi01,Wil Nieves,12,2002,2015,427.0,1164.0,88.0,281.0,54.0,2.0,10.0,114.0,3.0,2.0,61.0,228.0,11.0,6.0,16.0,13.0,39.0,1260.0,369.0,0.24140893470790378,0.2797427652733119,0.3170103092783505,0.5967530745516624,5.0,0.6,0,370,6,0,0,0,0,0,0,0,C,0.0,0.0,0.0,0.0,0.0,0.0,0.0,0.0,0.0,0.0,0.0,0.0,0.0,0.0,-2.19,0.0,0,0.0
nunezed02,Eduardo Nunez,11,2010,2020,858.0,2813.0,353.0,776.0,148.0,19.0,58.0,309.0,142.0,38.0,135.0,400.0,6.0,16.0,20.0,24.0,64.0,3008.0,1136.0,0.27586206896551724,0.3102409638554217,0.4038393174546747,0.7140802813100964,180.0,0.7888888888888889,1,0,0,160,301,276,50,42,0,9,3B,0.0,0.0,0.0,0.0,0.0,0.0,0.0,0.0,0.0,0.0,0.0,0.0,0.0,0.0,-0.3999999999999999,0.0,0,0.0
ortizda01,David Ortiz,20,1997,2016,2408.0,8640.0,1419.0,2472.0,632.0,19.0,541.0,1768.0,17.0,9.0,1319.0,1750.0,209.0,38.0,2.0,92.0,236.0,10091.0,4765.0,0.2861111111111111,0.37952225195757755,0.5515046296296297,0.9310268815872071,26.0,0.6538461538461539,0,0,278,0,0,0,0,0,0,0,1B,0.0,0.0,0.0,0.0,0.0,0.0,0.0,0.0,0.0,0.0,0.0,0.0,0.0,0.0,55.30000000000001,0.0,0,0.0
paganan01,Angel Pagan,11,2006,2016,1124.0,4084.0,584.0,1143.0,220.0,55.0,64.0,414.0,176.0,51.0,319.0,638.0,18.0,4.0,21.0,34.0,54.0,4462.0,1665.0,0.2798726738491675,0.33010583201981536,0.40768854064642507,0.7377943726662404,227.0,0.775330396475771,0,0,0,0,0,0,1056,232,754,90,OF,0.0,0.0,0.0,0.0,0.0,0.0,0.0,0.0,0.0,0.0,0.0,0.0,0.0,0.0,17.98,0.0,0,0.0
parrage01,Gerardo Parra,11,2009,2019,1466.0,4761.0,620.0,1312.0,264.0,42.0,88.0,522.0,96.0,54.0,312.0,890.0,49.0,38.0,34.0,38.0,110.0,5183.0,1924.0,0.27557235874816216,0.32278112254806757,0.40411678218861585,0.7268979047366835,150.0,0.64,1,0,39,1,1,0,1275,686,210,453,OF,0.0,0.0,0.0,0.0,0.0,0.0,0.0,0.0,1.0,0.0,1.0,0.0,2.0,2.0,11.079999999999998,0.0,0,0.0
pearcst01,Steve Pearce,13,2007,2019,766.0,2256.0,290.0,572.0,131.0,8.0,91.0,303.0,13.0,7.0,240.0,509.0,8.0,36.0,3.0,19.0,53.0,2554.0,992.0,0.25354609929078015,0.3324186593492748,0.4397163120567376,0.7721349714060124,20.0,0.65,0,0,275,33,12,0,312,222,0,101,OF,0.0,0.0,0.0,0.0,0.0,0.0,0.0,0.0,0.0,0.0,0.0,0.0,0.0,0.0,9.979999999999999,0.0,0,0.0
pedrodu01,Dustin Pedroia,14,2006,2019,1512.0,6031.0,922.0,1805.0,394.0,15.0,140.0,725.0,138.0,46.0,624.0,654.0,25.0,38.0,25.0,59.0,154.0,6777.0,2649.0,0.29928701707842814,0.3653732227488152,0.43923064168462944,0.8046038644334446,184.0,0.75,0,0,0,1492,0,6,0,0,0,0,2B,1.0,1.0,0.0,0.0,0.0,4.0,0.0,0.0,0.0,0.0,0.0,0.0,0.0,4.0,51.629999999999995,0.0,0,0.0
penabr01,Brayan Pena,12,2005,2016,638.0,1807.0,136.0,468.0,93.0,2.0,23.0,164.0,6.0,7.0,105.0,214.0,6.0,7.0,11.0,20.0,56.0,1950.0,634.0,0.2589928057553957,0.2991232594120681,0.350857775318207,0.649981034730275,13.0,0.46153846153846156,0,437,63,0,1,0,0,0,0,0,C,0.0,0.0,0.0,0.0,0.0,0.0,0.0,0.0,0.0,0.0,0.0,0.0,0.0,0.0,0.24,0.0,0,0.0
pencehu01,Hunter Pence,14,2007,2020,1707.0,6420.0,891.0,1791.0,324.0,55.0,244.0,942.0,120.0,55.0,520.0,1335.0,19.0,26.0,1.0,39.0,151.0,7006.0,2957.0,0.27897196261682244,0.33361884368308353,0.46059190031152647,0.79421074399461,175.0,0.6857142857142857,0,0,0,0,0,0,1577,65,96,1420,OF,0.0,0.0,0.0,0.0,0.0,0.0,0.0,0.0,0.0,0.0,0.0,0.0,0.0,0.0,30.95,0.0,0,0.0
pennicl01,Cliff Pennington,11,2008,2018,971.0,2799.0,324.0,678.0,120.0,21.0,36.0,242.0,84.0,28.0,266.0,619.0,8.0,15.0,42.0,20.0,40.0,3142.0,948.0,0.2422293676312969,0.3093548387096774,0.3386923901393355,0.6480472288490129,112.0,0.75,1,0,3,233,64,609,8,8,0,0,SS,0.0,0.0,0.0,0.0,0.0,0.0,0.0,0.0,0.0,0.0,0.0,0.0,0.0,0.0,9.969999999999999,0.0,0,0.0
peraljh01,Jhonny Peralta,15,2003,2017,1798.0,6599.0,841.0,1761.0,376.0,24.0,202.0,873.0,17.0,27.0,606.0,1450.0,24.0,38.0,13.0,63.0,200.0,7319.0,2791.0,0.2668586149416578,0.3291814946619217,0.4229428701318382,0.7521243647937599,44.0,0.38636363636363635,0,0,3,0,295,1459,3,3,0,0,SS,0.0,0.0,0.0,0.0,0.0,0.0,0.0,0.0,0.0,0.0,0.0,0.0,0.0,0.0,30.419999999999998,0.0,0,0.0
phillbr01,Brandon Phillips,17,2002,2018,1902.0,7378.0,1005.0,2029.0,368.0,35.0,211.0,951.0,209.0,84.0,420.0,1092.0,34.0,92.0,39.0,62.0,224.0,7991.0,3100.0,0.27500677690431014,0.31954225352112675,0.42016806722689076,0.7397103207480176,293.0,0.7133105802047781,0,0,0,1831,29,6,0,0,0,0,2B,0.0,0.0,0.0,0.0,0.0,4.0,0.0,0.0,0.0,0.0,0.0,0.0,0.0,4.0,28.419999999999998,0.0,0,0.0
pierzaj01,A. J. Pierzynski,19,1998,2016,2059.0,7290.0,807.0,2043.0,407.0,24.0,188.0,909.0,15.0,23.0,308.0,895.0,68.0,129.0,28.0,58.0,241.0,7813.0,3062.0,0.2802469135802469,0.31856133590237634,0.42002743484224964,0.7385887707446259,38.0,0.39473684210526316,0,1936,0,0,0,0,0,0,0,0,C,0.0,0.0,0.0,0.0,0.0,0.0,0.0,0.0,0.0,0.0,0.0,0.0,0.0,0.0,23.75,0.0,0,0.0
poseybu01,Buster Posey,11,2009,2019,1258.0,4575.0,595.0,1380.0,270.0,9.0,140.0,673.0,23.0,9.0,484.0,634.0,62.0,42.0,1.0,51.0,148.0,5153.0,2088.0,0.3016393442622951,0.36995341614906835,0.45639344262295084,0.8263468587720192,32.0,0.71875,0,987,229,0,0,0,0,0,0,0,C,1.0,1.0,0.0,1.0,0.0,0.0,0.0,0.0,0.0,0.0,0.0,0.0,0.0,1.0,41.78,0.0,0,0.0
pradoma01,Martin Prado,14,2006,2019,1458.0,5373.0,664.0,1542.0,316.0,27.0,100.0,609.0,40.0,28.0,385.0,676.0,16.0,28.0,24.0,51.0,171.0,5861.0,2212.0,0.2869905080960357,0.33493232825081376,0.4116880699795273,0.746620398230341,68.0,0.5882352941176471,0,0,97,273,792,16,265,256,0,9,3B,0.0,0.0,0.0,0.0,0.0,0.0,0.0,0.0,0.0,0.0,0.0,0.0,0.0,0.0,28.090000000000003,0.0,0,0.0
pujolal01,Albert Pujols,20,2001,2020,2862.0,10839.0,1843.0,3236.0,669.0,16.0,662.0,2100.0,114.0,41.0,1331.0,1304.0,312.0,108.0,1.0,115.0,399.0,12394.0,5923.0,0.29855152689362485,0.3772290809327846,0.5464526247808839,0.9236817057136685,155.0,0.7354838709677419,0,0,1928,1,109,1,309,269,0,40,1B,1.0,3.0,0.0,0.0,2.0,0.0,0.0,0.0,0.0,0.0,0.0,0.0,0.0,2.0,100.74000000000002,0.0,0,0.0
raburry01,Ryan Raburn,12,2004,2017,947.0,2472.0,340.0,626.0,147.0,13.0,93.0,358.0,16.0,10.0,210.0,683.0,10.0,26.0,9.0,17.0,58.0,2734.0,1078.0,0.2532362459546926,0.3163302752293578,0.436084142394822,0.7524144176241798,26.0,0.6153846153846154,2,0,19,145,33,0,611,385,35,212,OF,0.0,0.0,0.0,0.0,0.0,0.0,0.0,0.0,0.0,0.0,0.0,0.0,0.0,0.0,3.3100000000000005,0.0,0,0.0
ramirar01,Aramis Ramirez,18,1998,2015,2194.0,8136.0,1098.0,2303.0,495.0,24.0,386.0,1417.0,29.0,18.0,633.0,1238.0,58.0,127.0,3.0,87.0,233.0,8986.0,4004.0,0.283062930186824,0.34097740175887786,0.492133726647001,0.8331111284058789,47.0,0.6170212765957447,0,0,5,0,2112,0,0,0,0,0,3B,0.0,0.0,0.0,0.0,0.0,0.0,0.0,0.0,0.0,0.0,0.0,0.0,0.0,0.0,32.43000000000001,0.0,0,0.0
ramirha01,Hanley Ramirez,15,2005,2019,1668.0,6349.0,1049.0,1834.0,375.0,32.0,271.0,917.0,281.0,93.0,660.0,1234.0,65.0,71.0,11.0,36.0,137.0,7127.0,3086.0,0.288864388092613,0.36045531197301856,0.4860607969759017,0.8465161089489203,374.0,0.7513368983957219,0,0,176,0,99,1077,92,92,0,0,SS,1.0,0.0,0.0,0.0,0.0,0.0,0.0,0.0,0.0,0.0,0.0,0.0,0.0,0.0,37.88999999999999,0.0,0,0.0
ramoswi01,Wilson Ramos,11,2010,2020,946.0,3341.0,347.0,915.0,146.0,2.0,128.0,514.0,1.0,3.0,236.0,602.0,26.0,11.0,4.0,28.0,136.0,3620.0,1449.0,0.27387009877282253,0.3213495575221239,0.4337024842861419,0.7550520418082658,4.0,0.25,0,894,0,0,0,0,0,0,0,0,C,0.0,0.0,0.0,0.0,0.0,0.0,0.0,0.0,0.0,0.0,0.0,0.0,0.0,0.0,15.7,0.0,0,0.0
rasmuco01,Colby Rasmus,10,2009,2018,1092.0,3704.0,536.0,891.0,183.0,21.0,166.0,491.0,35.0,17.0,362.0,1106.0,23.0,18.0,13.0,22.0,44.0,4119.0,1614.0,0.24055075593952485,0.30954700438382854,0.4357451403887689,0.7452921447725974,52.0,0.6730769230769231,0,0,0,0,0,0,1021,195,797,78,OF,0.0,0.0,0.0,0.0,0.0,0.0,0.0,0.0,0.0,0.0,0.0,0.0,0.0,0.0,20.16,0.0,0,0.0
reddijo01,Josh Reddick,12,2009,2020,1251.0,4257.0,582.0,1118.0,208.0,33.0,144.0,554.0,61.0,18.0,387.0,760.0,21.0,7.0,6.0,45.0,71.0,4702.0,1824.0,0.26262626262626265,0.3219761499148211,0.4284707540521494,0.7504469039669706,79.0,0.7721518987341772,0,0,5,0,0,0,1186,159,47,1072,OF,0.0,0.0,0.0,0.0,0.0,0.0,0.0,0.0,0.0,0.0,1.0,0.0,1.0,1.0,24.97,0.0,0,0.0
reyesjo01,Jose Reyes,16,2003,2018,1877.0,7552.0,1180.0,2138.0,387.0,131.0,145.0,719.0,517.0,127.0,589.0,914.0,56.0,11.0,50.0,38.0,82.0,8240.0,3222.0,0.283103813559322,0.3343101343101343,0.4266419491525424,0.7609520834626766,644.0,0.8027950310559007,1,0,0,84,114,1627,2,1,1,0,SS,0.0,0.0,0.0,0.0,0.0,0.0,0.0,0.0,0.0,0.0,0.0,0.0,0.0,0.0,37.2,0.0,0,0.0
reynoma01,Mark Reynolds,13,2007,2019,1688.0,5432.0,794.0,1283.0,253.0,14.0,298.0,871.0,64.0,31.0,707.0,1927.0,26.0,56.0,3.0,45.0,117.0,6243.0,2458.0,0.23619293078055964,0.3278846153846154,0.4525036818851252,0.7803882972697406,95.0,0.6736842105263158,2,0,772,7,783,0,14,6,1,7,3B,0.0,0.0,0.0,0.0,0.0,0.0,0.0,0.0,0.0,0.0,0.0,0.0,0.0,0.0,6.83,0.0,0,0.0
riosal01,Alex Rios,12,2004,2015,1691.0,6419.0,885.0,1778.0,374.0,63.0,169.0,794.0,253.0,77.0,400.0,1117.0,24.0,45.0,2.0,61.0,193.0,6927.0,2785.0,0.27699018538713194,0.32101083032490974,0.43386820377005764,0.7548790340949674,330.0,0.7666666666666667,0,0,0,0,0,0,1656,1,427,1250,OF,0.0,0.0,0.0,0.0,0.0,0.0,0.0,0.0,0.0,0.0,0.0,0.0,0.0,0.0,27.330000000000002,0.0,0,0.0
riverre01,Rene Rivera,12,2004,2020,517.0,1423.0,112.0,314.0,62.0,2.0,41.0,167.0,1.0,1.0,89.0,417.0,10.0,15.0,14.0,10.0,26.0,1551.0,503.0,0.2206605762473647,0.2719583604424203,0.35347856640899505,0.6254369268514153,2.0,0.5,0,481,14,0,0,0,0,0,0,0,C,0.0,0.0,0.0,0.0,0.0,0.0,0.0,0.0,0.0,0.0,0.0,0.0,0.0,0.0,2.5,0.0,0,0.0
rizzoan01,Anthony Rizzo,10,2011,2020,1265.0,4617.0,689.0,1249.0,268.0,18.0,229.0,753.0,60.0,34.0,609.0,858.0,66.0,155.0,0.0,35.0,104.0,5416.0,2240.0,0.2705219839722764,0.3716765140324963,0.4851635260991986,0.8568400401316949,94.0,0.6382978723404256,1,0,1256,12,1,0,1,1,0,0,1B,0.0,0.0,0.0,0.0,1.0,0.0,0.0,0.0,0.0,0.0,0.0,0.0,0.0,1.0,34.53,0.0,0,0.0
rodrial01,Alex Rodriguez,22,1994,2016,2784.0,10566.0,2021.0,3115.0,548.0,31.0,696.0,2086.0,329.0,76.0,1338.0,2287.0,97.0,176.0,16.0,111.0,261.0,12207.0,5813.0,0.2948135529055461,0.37970634074317117,0.5501608934317622,0.9298672341749334,405.0,0.8123456790123457,0,0,2,0,1194,1272,0,0,0,0,SS,0.0,3.0,0.0,0.0,0.0,0.0,0.0,2.0,0.0,0.0,0.0,0.0,0.0,2.0,117.53000000000002,0.0,0,0.0
rodrise01,Sean Rodriguez,13,2008,2020,1103.0,2572.0,344.0,580.0,124.0,14.0,81.0,298.0,42.0,19.0,225.0,775.0,8.0,62.0,37.0,17.0,57.0,2913.0,975.0,0.2255054432348367,0.3014603616133519,0.37908242612752724,0.6805427877408792,61.0,0.6885245901639344,2,0,213,341,154,187,215,125,27,69,2B,0.0,0.0,0.0,0.0,0.0,0.0,0.0,0.0,0.0,0.0,0.0,0.0,0.0,0.0,8.990000000000002,0.0,0,0.0
rolliji01,Jimmy Rollins,17,2000,2016,2275.0,9294.0,1421.0,2455.0,511.0,115.0,231.0,936.0,470.0,105.0,813.0,1264.0,52.0,38.0,42.0,53.0,136.0,10240.0,3889.0,0.26414891327738327,0.3241812120023534,0.41844200559500755,0.7426232175973609,575.0,0.8173913043478261,0,0,0,1,0,2227,0,0,0,0,SS,0.0,1.0,0.0,0.0,0.0,0.0,0.0,4.0,0.0,0.0,0.0,0.0,0.0,4.0,47.59,0.0,0,0.0
rominan01,Andrew Romine,10,2010,2020,587.0,1202.0,150.0,283.0,39.0,5.0,10.0,81.0,40.0,11.0,82.0,288.0,1.0,13.0,26.0,4.0,25.0,1327.0,362.0,0.23544093178036607,0.2905457340507302,0.3011647254575707,0.5917104595083009,51.0,0.7843137254901961,7,1,75,87,160,189,83,24,48,14,SS,0.0,0.0,0.0,0.0,0.0,0.0,0.0,0.0,0.0,0.0,0.0,0.0,0.0,0.0,1.2200000000000004,0.0,0,0.0
rosalad01,Adam Rosales,11,2008,2018,653.0,1621.0,186.0,367.0,69.0,6.0,48.0,179.0,17.0,12.0,135.0,451.0,5.0,20.0,13.0,17.0,32.0,1806.0,592.0,0.22640345465761874,0.29113218070273283,0.36520666255397904,0.6563388432567119,29.0,0.5862068965517241,2,0,97,167,159,162,13,12,0,1,2B,0.0,0.0,0.0,0.0,0.0,0.0,0.0,0.0,0.0,0.0,0.0,0.0,0.0,0.0,3.7,0.0,0,0.0
rossco01,Cody Ross,12,2003,2015,1073.0,3453.0,449.0,904.0,211.0,13.0,132.0,508.0,33.0,13.0,282.0,800.0,18.0,40.0,4.0,27.0,77.0,3806.0,1537.0,0.26180133217492035,0.32246186217780115,0.4451201853460759,0.767582047523877,46.0,0.717391304347826,1,0,0,0,0,0,972,281,387,414,OF,0.0,0.0,0.0,0.0,0.0,0.0,0.0,0.0,0.0,0.0,0.0,0.0,0.0,0.0,13.459999999999997,0.0,0,0.0
rossda01,David Ross,15,2002,2016,883.0,2280.0,254.0,521.0,116.0,5.0,106.0,314.0,3.0,5.0,287.0,735.0,30.0,17.0,32.0,27.0,49.0,2643.0,965.0,0.22850877192982455,0.3159708923783991,0.4232456140350877,0.7392165064134868,8.0,0.375,2,805,0,0,0,0,0,0,0,0,C,0.0,0.0,0.0,0.0,0.0,0.0,0.0,0.0,0.0,0.0,0.0,0.0,0.0,0.0,9.95,0.0,0,0.0
ruizca01,Carlos Ruiz,12,2006,2017,1137.0,3539.0,405.0,935.0,223.0,7.0,71.0,415.0,25.0,10.0,403.0,499.0,62.0,78.0,27.0,22.0,106.0,4069.0,1385.0,0.2641989262503532,0.3503216229589312,0.3913534896863521,0.7416751126452833,35.0,0.7142857142857143,1,1085,1,0,2,0,0,0,0,0,C,0.0,0.0,0.0,0.0,0.0,0.0,0.0,0.0,0.0,0.0,0.0,0.0,0.0,0.0,22.529999999999998,0.0,0,0.0
ryanbr01,Brendan Ryan,10,2007,2016,896.0,2591.0,304.0,604.0,116.0,18.0,19.0,203.0,67.0,25.0,198.0,490.0,9.0,32.0,45.0,20.0,47.0,2886.0,813.0,0.23311462755692783,0.293558606124604,0.3137784639135469,0.6073370700381509,92.0,0.7282608695652174,1,0,8,104,45,721,6,2,0,5,SS,0.0,0.0,0.0,0.0,0.0,0.0,0.0,0.0,0.0,0.0,0.0,0.0,0.0,0.0,15.049999999999997,0.0,0,0.0
saltaja01,Jarrod Saltalamacchia,12,2007,2018,895.0,2852.0,377.0,662.0,161.0,6.0,110.0,381.0,5.0,7.0,304.0,984.0,12.0,10.0,4.0,21.0,48.0,3191.0,1165.0,0.2321178120617111,0.30624411672419205,0.40848527349228614,0.7147293902164782,12.0,0.4166666666666667,0,745,56,0,0,0,0,0,0,0,C,0.0,0.0,0.0,0.0,0.0,0.0,0.0,0.0,0.0,0.0,0.0,0.0,0.0,0.0,5.8999999999999995,0.0,0,0.0
sandopa01,Pablo Sandoval,13,2008,2020,1311.0,4536.0,537.0,1266.0,262.0,21.0,149.0,628.0,12.0,13.0,346.0,732.0,55.0,29.0,4.0,51.0,147.0,4966.0,2017.0,0.2791005291005291,0.3307134220072551,0.44466490299823636,0.7753783250054915,25.0,0.48,2,14,127,3,1049,0,0,0,0,0,3B,0.0,0.0,0.0,0.0,0.0,0.0,0.0,0.0,0.0,0.0,0.0,0.0,0.0,0.0,19.59,0.0,0,0.0
santaca01,Carlos Santana,11,2010,2020,1495.0,5333.0,799.0,1325.0,301.0,16.0,240.0,796.0,46.0,18.0,991.0,1056.0,57.0,29.0,0.0,49.0,138.0,6402.0,2378.0,0.24845302831426963,0.366291783817557,0.4459028689293081,0.8121946527468651,64.0,0.71875,0,330,890,0,45,0,8,1,0,7,1B,0.0,0.0,0.0,0.0,0.0,0.0,0.0,0.0,0.0,0.0,0.0,0.0,0.0,0.0,31.439999999999998,0.0,0,0.0
schumsk01,Skip Schumaker,11,2005,2015,1149.0,3252.0,416.0,905.0,169.0,13.0,28.0,284.0,26.0,17.0,280.0,476.0,14.0,14.0,19.0,16.0,73.0,3581.0,1184.0,0.27829028290282903,0.3366086468276249,0.3640836408364084,0.7006922876640334,43.0,0.6046511627906976,4,0,0,487,0,0,561,264,169,174,OF,0.0,0.0,0.0,0.0,0.0,0.0,0.0,0.0,0.0,0.0,0.0,0.0,0.0,0.0,1.4499999999999997,0.0,0,0.0
seageky01,Kyle Seager,10,2011,2020,1321.0,4958.0,632.0,1267.0,280.0,13.0,207.0,706.0,52.0,26.0,474.0,959.0,33.0,59.0,5.0,38.0,100.0,5534.0,2194.0,0.25554659136748686,0.32555615843733043,0.44251714400968134,0.7680733024470118,78.0,0.6666666666666666,0,0,0,22,1278,11,0,0,0,0,3B,0.0,0.0,0.0,0.0,0.0,0.0,1.0,0.0,0.0,0.0,0.0,0.0,0.0,1.0,33.419999999999995,0.0,0,0.0
sizemgr01,Grady Sizemore,10,2004,2015,1101.0,4147.0,660.0,1098.0,252.0,47.0,150.0,518.0,143.0,47.0,483.0,952.0,34.0,67.0,8.0,19.0,49.0,4724.0,1894.0,0.2647697130455751,0.34944868532654794,0.45671569809500845,0.8061643834215564,190.0,0.7526315789473684,0,0,0,0,0,0,1015,84,873,68,OF,0.0,0.0,0.0,0.0,0.0,0.0,0.0,0.0,0.0,0.0,0.0,2.0,2.0,2.0,27.740000000000002,0.0,0,0.0
smithse01,Seth Smith,11,2007,2017,1249.0,3582.0,525.0,934.0,224.0,31.0,126.0,458.0,22.0,7.0,431.0,797.0,33.0,38.0,2.0,30.0,75.0,4083.0,1598.0,0.26074818537130096,0.3437882871845136,0.44611948632049137,0.789907773505005,29.0,0.7586206896551724,0,0,0,0,0,0,903,511,9,429,OF,0.0,0.0,0.0,0.0,0.0,0.0,0.0,0.0,0.0,0.0,0.0,0.0,0.0,0.0,11.51,0.0,0,0.0
smoakju01,Justin Smoak,11,2010,2020,1286.0,4153.0,505.0,951.0,196.0,2.0,196.0,570.0,3.0,3.0,552.0,1122.0,20.0,25.0,0.0,20.0,110.0,4750.0,1739.0,0.228991090777751,0.3216842105263158,0.41873344570190224,0.7404176562282181,6.0,0.5,0,0,1163,0,0,0,0,0,0,0,1B,0.0,0.0,0.0,0.0,0.0,0.0,0.0,0.0,0.0,0.0,0.0,0.0,0.0,0.0,5.96,0.0,0,0.0
sogarer01,Eric Sogard,10,2010,2020,737.0,2067.0,251.0,509.0,98.0,10.0,25.0,175.0,43.0,14.0,198.0,312.0,8.0,17.0,19.0,12.0,37.0,2313.0,702.0,0.24625060474117078,0.3156059285091543,0.33962264150943394,0.6552285700185883,57.0,0.7543859649122807,0,0,0,488,68,136,11,5,0,6,2B,0.0,0.0,0.0,0.0,0.0,0.0,0.0,0.0,0.0,0.0,0.0,0.0,0.0,0.0,6.75,0.0,0,0.0
sotoge01,Geovany Soto,13,2005,2017,797.0,2522.0,308.0,619.0,146.0,4.0,108.0,361.0,3.0,5.0,311.0,673.0,17.0,17.0,7.0,19.0,73.0,2876.0,1097.0,0.24544012688342584,0.3300801673056814,0.4349722442505948,0.7650524115562762,8.0,0.375,0,763,1,0,2,0,0,0,0,0,C,1.0,0.0,0.0,0.0,0.0,0.0,0.0,0.0,0.0,0.0,0.0,0.0,0.0,0.0,11.969999999999999,0.0,0,0.0
spande01,Denard Span,11,2008,2018,1359.0,5326.0,773.0,1498.0,265.0,72.0,71.0,490.0,185.0,59.0,515.0,716.0,9.0,36.0,52.0,27.0,86.0,5956.0,2120.0,0.2812617348854675,0.3470528455284553,0.398047315058205,0.7451001605866603,244.0,0.7581967213114754,0,0,0,0,0,0,1324,194,1070,124,OF,0.0,0.0,0.0,0.0,0.0,0.0,0.0,0.0,0.0,0.0,0.0,0.0,0.0,0.0,28.110000000000003,0.0,0,0.0
stantmi03,Giancarlo Stanton,11,2010,2020,1185.0,4329.0,698.0,1160.0,246.0,11.0,312.0,796.0,42.0,15.0,584.0,1402.0,80.0,46.0,0.0,30.0,95.0,4989.0,2364.0,0.26796026796026795,0.35878933654038886,0.546084546084546,0.904873882624935,57.0,0.7368421052631579,0,0,0,0,0,0,1027,46,1,982,OF,0.0,1.0,0.0,0.0,0.0,0.0,0.0,0.0,0.0,0.0,0.0,0.0,0.0,0.0,40.98,0.0,0,0.0
stewach01,Chris Stewart,12,2006,2018,457.0,1184.0,106.0,272.0,42.0,2.0,9.0,90.0,6.0,1.0,99.0,191.0,9.0,18.0,23.0,10.0,25.0,1334.0,345.0,0.22972972972972974,0.2967200610221205,0.29138513513513514,0.5881051961572556,7.0,0.8571428571428571,0,434,7,0,0,0,0,0,0,0,C,0.0,0.0,0.0,0.0,0.0,0.0,0.0,0.0,0.0,0.0,0.0,0.0,0.0,0.0,1.2999999999999996,0.0,0,0.0
suzukic01,Ichiro Suzuki,19,2001,2019,2653.0,9934.0,1420.0,3089.0,362.0,96.0,117.0,780.0,509.0,117.0,647.0,1080.0,181.0,55.0,50.0,48.0,92.0,10734.0,3994.0,0.31095228508153816,0.35482965181579934,0.4020535534527884,0.7568832052685878,626.0,0.8130990415335463,1,0,0,0,0,0,2365,117,322,1970,OF,1.0,1.0,0.0,0.0,0.0,0.0,0.0,0.0,0.0,0.0,0.0,10.0,10.0,10.0,59.73,0.0,0,0.0
suzukku01,Kurt Suzuki,14,2007,2020,1512.0,5205.0,567.0,1347.0,283.0,6.0,133.0,699.0,20.0,11.0,360.0,678.0,22.0,106.0,24.0,62.0,138.0,5757.0,2041.0,0.25878962536023054,0.3162393162393162,0.3921229586935639,0.7083622749328802,31.0,0.6451612903225806,0,1427,0,0,0,0,0,0,0,0,C,0.0,0.0,0.0,0.0,0.0,0.0,0.0,0.0,0.0,0.0,0.0,0.0,0.0,0.0,20.33,0.0,0,0.0
swishni01,Nick Swisher,12,2004,2015,1527.0,5369.0,805.0,1338.0,307.0,11.0,245.0,803.0,13.0,15.0,817.0,1373.0,42.0,56.0,13.0,53.0,131.0,6308.0,2402.0,0.24920841869994412,0.35123113582208104,0.44738312534922703,0.7986142611713081,28.0,0.4642857142857143,1,0,483,0,0,0,997,144,132,749,OF,0.0,0.0,0.0,0.0,0.0,0.0,0.0,0.0,0.0,0.0,0.0,0.0,0.0,0.0,21.440000000000005,0.0,0,0.0
teixema01,Mark Teixeira,14,2003,2016,1862.0,6936.0,1099.0,1862.0,408.0,18.0,409.0,1298.0,26.0,7.0,918.0,1441.0,91.0,111.0,0.0,64.0,158.0,8029.0,3533.0,0.2684544405997693,0.36006974716652135,0.5093713956170703,0.8694411427835917,33.0,0.7878787878787878,0,0,1769,0,15,0,32,14,0,18,1B,0.0,0.0,0.0,0.0,5.0,0.0,0.0,0.0,0.0,0.0,0.0,0.0,0.0,5.0,50.629999999999995,0.0,0,0.0
troutmi01,Mike Trout,10,2011,2020,1252.0,4539.0,944.0,1380.0,260.0,48.0,302.0,798.0,201.0,37.0,838.0,1174.0,104.0,84.0,0.0,52.0,58.0,5513.0,2642.0,0.3040317250495704,0.41755849809541085,0.5820665344789602,0.999625032574371,238.0,0.8445378151260504,0,0,0,0,0,0,1182,124,1094,17,OF,1.0,2.0,0.0,0.0,0.0,0.0,0.0,0.0,0.0,0.0,0.0,0.0,0.0,0.0,74.62,0.0,0,0.0
trumbma01,Mark Trumbo,10,2010,2019,1097.0,4085.0,532.0,1018.0,182.0,11.0,218.0,629.0,23.0,14.0,299.0,1097.0,20.0,16.0,0.0,19.0,106.0,4419.0,1876.0,0.24920440636474908,0.30165195745643814,0.45924112607099143,0.7608930835274296,37.0,0.6216216216216216,0,0,376,0,11,0,411,130,0,286,OF,0.0,0.0,0.0,0.0,0.0,0.0,0.0,0.0,0.0,0.0,0.0,0.0,0.0,0.0,9.48,0.0,0,0.0
tulowtr01,Troy Tulowitzki,13,2006,2019,1291.0,4804.0,762.0,1391.0,264.0,24.0,225.0,780.0,57.0,32.0,511.0,900.0,48.0,47.0,10.0,43.0,146.0,5415.0,2378.0,0.2895503746877602,0.36059204440333026,0.49500416319733553,0.8555962076006658,89.0,0.6404494382022472,0,0,0,0,0,1268,0,0,0,0,SS,0.0,0.0,0.0,0.0,0.0,0.0,0.0,2.0,0.0,0.0,0.0,0.0,0.0,2.0,44.5,0.0,0,0.0
turneju01,Justin Turner,12,2009,2020,1114.0,3521.0,504.0,1029.0,234.0,9.0,124.0,495.0,35.0,10.0,351.0,583.0,15.0,93.0,5.0,32.0,92.0,4002.0,1653.0,0.2922465208747515,0.36852639479609706,0.4694689008804317,0.8379952956765288,45.0,0.7777777777777778,0,0,39,133,754,46,1,1,0,0,3B,0.0,0.0,0.0,0.0,0.0,0.0,0.0,0.0,0.0,0.0,0.0,0.0,0.0,0.0,29.509999999999998,0.0,0,0.0
ugglada01,Dan Uggla,10,2006,2015,1346.0,4759.0,759.0,1149.0,238.0,18.0,235.0,706.0,26.0,21.0,626.0,1341.0,22.0,70.0,12.0,42.0,74.0,5509.0,2128.0,0.24143727673881069,0.3356376205202838,0.4471527631855432,0.782790383705827,47.0,0.5531914893617021,0,0,1,1283,0,0,0,0,0,0,2B,0.0,0.0,0.0,0.0,0.0,0.0,0.0,0.0,0.0,0.0,0.0,0.0,0.0,0.0,18.209999999999997,0.0,0,0.0
uptonbj01,B. J. Upton,12,2004,2016,1469.0,5175.0,723.0,1260.0,262.0,32.0,164.0,586.0,300.0,92.0,589.0,1561.0,23.0,24.0,22.0,44.0,98.0,5854.0,2078.0,0.24347826086956523,0.321159122085048,0.40154589371980676,0.7227050158048547,392.0,0.7653061224489796,0,0,0,48,63,16,1278,122,1159,3,OF,0.0,0.0,0.0,0.0,0.0,0.0,0.0,0.0,0.0,0.0,0.0,0.0,0.0,0.0,16.75,0.0,0,0.0
uptonju01,Justin Upton,14,2007,2020,1739.0,6355.0,1009.0,1681.0,337.0,38.0,307.0,959.0,147.0,58.0,740.0,1841.0,49.0,74.0,3.0,56.0,130.0,7228.0,3015.0,0.2645161290322581,0.3453287197231834,0.47442958300550747,0.8197583027286909,205.0,0.7170731707317073,0,0,0,0,0,0,1694,936,6,769,OF,0.0,0.0,0.0,0.0,0.0,0.0,0.0,0.0,0.0,0.0,0.0,0.0,0.0,0.0,33.93,0.0,0,0.0
uribeju01,Juan Uribe,16,2001,2016,1826.0,6161.0,724.0,1568.0,323.0,43.0,199.0,816.0,48.0,39.0,388.0,1224.0,25.0,46.0,63.0,57.0,154.0,6715.0,2574.0,0.254504138938484,0.30096211665664463,0.4177893199155981,0.7187514365722427,87.0,0.5517241379310345,0,0,4,228,644,917,1,0,1,0,SS,0.0,0.0,0.0,0.0,0.0,0.0,0.0,0.0,0.0,0.0,0.0,0.0,0.0,0.0,22.65,0.0,0,0.0
utleych01,Chase Utley,16,2003,2018,1937.0,6857.0,1103.0,1885.0,411.0,58.0,259.0,1025.0,154.0,22.0,724.0,1193.0,62.0,204.0,6.0,72.0,93.0,7863.0,3189.0,0.274901560449176,0.35802469135802467,0.4650721890039376,0.8230968803619623,176.0,0.875,0,0,52,1743,4,0,0,0,0,0,2B,0.0,0.0,0.0,0.0,0.0,0.0,0.0,0.0,0.0,0.0,0.0,0.0,0.0,0.0,64.38000000000001,0.0,0,0.0
valbulu01,Luis Valbuena,11,2008,2018,1011.0,3148.0,377.0,710.0,169.0,9.0,114.0,367.0,11.0,16.0,374.0,788.0,17.0,19.0,9.0,21.0,57.0,3571.0,1239.0,0.22554002541296062,0.30965749578888263,0.39358322744599744,0.7032407232348801,27.0,0.4074074074074074,0,0,126,210,606,35,4,4,0,0,3B,0.0,0.0,0.0,0.0,0.0,0.0,0.0,0.0,0.0,0.0,0.0,0.0,0.0,0.0,8.85,0.0,0,0.0
victosh01,Shane Victorino,12,2003,2015,1299.0,4630.0,731.0,1274.0,231.0,70.0,108.0,489.0,231.0,46.0,381.0,626.0,12.0,81.0,52.0,20.0,60.0,5164.0,1969.0,0.2751619870410367,0.3395931142410016,0.42526997840172787,0.7648630926427294,277.0,0.8339350180505415,0,0,0,0,0,0,1219,140,779,322,OF,0.0,0.0,0.0,0.0,0.0,0.0,0.0,0.0,0.0,0.0,1.0,3.0,4.0,4.0,31.46,0.0,0,0.0
vottojo01,Joey Votto,14,2007,2020,1771.0,6274.0,1041.0,1908.0,412.0,20.0,295.0,966.0,79.0,29.0,1217.0,1354.0,141.0,60.0,0.0,44.0,151.0,7595.0,3245.0,0.3041122091169908,0.41935483870967744,0.5172138986292636,0.9365687373389411,108.0,0.7314814814814815,0,0,1724,0,0,0,7,7,0,0,1B,0.0,1.0,0.0,0.0,1.0,0.0,0.0,0.0,0.0,0.0,0.0,0.0,0.0,1.0,62.07000000000001,0.0,0,0.0
walkene01,Neil Walker,12,2009,2020,1306.0,4583.0,611.0,1224.0,238.0,22.0,149.0,609.0,32.0,22.0,460.0,931.0,27.0,55.0,10.0,44.0,97.0,5152.0,1953.0,0.26707396901592845,0.338195254764683,0.4261400829151211,0.7643353376798041,54.0,0.5925925925925926,1,0,131,1050,72,0,17,2,0,15,2B,0.0,0.0,0.0,0.0,0.0,0.0,0.0,0.0,0.0,0.0,0.0,0.0,0.0,0.0,19.779999999999998,0.0,0,0.0
weeksri01,Rickie Weeks,14,2003,2017,1324.0,4417.0,733.0,1087.0,219.0,33.0,161.0,474.0,132.0,32.0,533.0,1230.0,13.0,134.0,9.0,19.0,77.0,5112.0,1855.0,0.24609463436721757,0.3437193807564178,0.41996830427892234,0.7636876850353401,164.0,0.8048780487804879,0,0,12,1044,0,0,57,55,0,2,2B,0.0,0.0,0.0,0.0,0.0,0.0,0.0,0.0,0.0,0.0,0.0,0.0,0.0,0.0,11.499999999999996,0.0,0,0.0
werthja01,Jayson Werth,15,2002,2017,1583.0,5484.0,883.0,1465.0,300.0,22.0,229.0,799.0,132.0,23.0,764.0,1450.0,32.0,64.0,4.0,50.0,99.0,6366.0,2496.0,0.2671407731582786,0.3604212511788746,0.4551422319474836,0.8155634831263582,155.0,0.8516129032258064,0,0,1,0,0,0,1505,459,134,1020,OF,0.0,0.0,0.0,0.0,0.0,0.0,0.0,0.0,0.0,0.0,0.0,0.0,0.0,0.0,29.23,0.0,0,0.0
wietema01,Matt Wieters,12,2009,2020,1167.0,3994.0,440.0,996.0,190.0,5.0,146.0,550.0,9.0,4.0,368.0,847.0,29.0,21.0,4.0,41.0,102.0,4428.0,1634.0,0.24937406109163746,0.31306509945750455,0.40911367050575864,0.7221787699632631,13.0,0.6923076923076923,0,1075,4,0,0,0,0,0,0,0,C,0.0,0.0,0.0,2.0,0.0,0.0,0.0,0.0,0.0,0.0,0.0,0.0,0.0,2.0,18.250000000000007,0.0,0,0.0
wilsobo02,Bobby Wilson,10,2008,2019,386.0,932.0,83.0,189.0,40.0,0.0,18.0,102.0,0.0,3.0,70.0,227.0,1.0,3.0,32.0,10.0,27.0,1047.0,283.0,0.20278969957081544,0.258128078817734,0.30364806866952787,0.5617761474872618,3.0,0.0,0,369,12,0,0,0,0,0,0,0,C,0.0,0.0,0.0,0.0,0.0,0.0,0.0,0.0,0.0,0.0,0.0,0.0,0.0,0.0,0.27,0.0,0,0.0
wrighda03,David Wright,14,2004,2018,1585.0,5998.0,949.0,1777.0,390.0,26.0,242.0,970.0,196.0,65.0,762.0,1292.0,73.0,45.0,0.0,65.0,152.0,6870.0,2945.0,0.2962654218072691,0.37612809315866086,0.49099699899966653,0.8671250921583273,261.0,0.7509578544061303,0,0,0,0,1572,2,0,0,0,0,3B,0.0,0.0,0.0,0.0,0.0,0.0,2.0,0.0,0.0,0.0,0.0,0.0,0.0,2.0,49.18000000000001,0.0,0,0.0
youngch04,Chris Young,13,2006,2018,1465.0,4710.0,668.0,1109.0,288.0,24.0,191.0,590.0,142.0,46.0,520.0,1192.0,16.0,37.0,17.0,32.0,60.0,5316.0,2018.0,0.23545647558386412,0.3143989431968296,0.42845010615711254,0.7428490493539421,188.0,0.7553191489361702,0,0,0,0,0,0,1336,267,967,140,OF,0.0,0.0,0.0,0.0,0.0,0.0,0.0,0.0,0.0,0.0,0.0,0.0,0.0,0.0,16.529999999999998,0.0,0,0.0
youngde03,Delmon Young,10,2006,2015,1118.0,4108.0,473.0,1162.0,218.0,11.0,109.0,566.0,36.0,21.0,179.0,784.0,18.0,40.0,1.0,43.0,136.0,4371.0,1729.0,0.2828627069133398,0.3160183066361556,0.4208860759493671,0.7369043825855227,57.0,0.631578947368421,0,0,0,0,0,0,869,573,30,270,OF,0.0,0.0,0.0,0.0,0.0,0.0,0.0,0.0,0.0,0.0,0.0,0.0,0.0,0.0,3.230000000000001,0.0,0,0.0
younger03,Eric Young,10,2009,2018,651.0,1725.0,275.0,422.0,67.0,22.0,13.0,112.0,162.0,39.0,147.0,350.0,3.0,23.0,26.0,5.0,18.0,1926.0,572.0,0.24463768115942028,0.31157894736842107,0.33159420289855074,0.6431731502669717,201.0,0.8059701492537313,0,0,0,54,0,0,393,274,101,38,OF,0.0,0.0,0.0,0.0,0.0,0.0,0.0,0.0,0.0,0.0,0.0,0.0,0.0,0.0,1.23,0.0,0,0.0
zimmery01,Ryan Zimmerman,15,2005,2019,1689.0,6399.0,936.0,1784.0,401.0,22.0,270.0,1015.0,43.0,16.0,630.0,1307.0,43.0,31.0,1.0,67.0,203.0,7128.0,3039.0,0.27879356149398343,0.3430615967447734,0.47491795593061414,0.8179795526753875,59.0,0.7288135593220338,0,0,472,0,1133,1,31,31,0,0,3B,0.0,0.0,0.0,0.0,0.0,0.0,1.0,0.0,0.0,0.0,0.0,0.0,0.0,1.0,38.49,0.0,0,0.0
zobribe01,Ben Zobrist,14,2006,2019,1651.0,5880.0,884.0,1566.0,349.0,44.0,167.0,768.0,116.0,49.0,832.0,994.0,35.0,31.0,26.0,67.0,124.0,6836.0,2504.0,0.26632653061224487,0.3566813509544787,0.42585034013605444,0.7825316910905331,165.0,0.703030303030303,1,0,27,911,8,236,661,223,34,466,2B,0.0,0.0,0.0,0.0,0.0,0.0,0.0,0.0,0.0,0.0,0.0,0.0,0.0,0.0,44.54,0.0,0,0.0
