playerID,yearID,ROY,MVP,CYA,TC,GG_P,GG_C,GG_1B,GG_2B,GG_3B,GG_SS,GG_LF,GG_CF,GG_RF,GG_OF
aaronha01,1957,0,1,0,0,0,0,0,0,0,0,0,0,0,0
aaronha01,1958,0,0,0,0,0,0,0,0,0,0,0,0,1,0
aaronha01,1959,0,0,0,0,0,0,0,0,0,0,0,0,1,0
aaronha01,1960,0,0,0,0,0,0,0,0,0,0,0,0,1,0
abreubo01,2005,0,0,0,0,0,0,0,0,0,0,0,0,0,1
abreujo02,2014,1,0,0,0,0,0,0,0,0,0,0,0,0,0
ageeto01,1966,1,0,0,0,0,0,0,0,0,0,0,0,0,1
ageeto01,1970,0,0,0,0,0,0,0,0,0,0,0,0,0,1
allendi01,1964,1,0,0,0,0,0,0,0,0,0,0,0,0,0
allendi01,1972,0,1,0,0,0,0,0,0,0,0,0,0,0,0
alleyge01,1966,0,0,0,0,0,0,0,0,0,1,0,0,0,0
alleyge01,1967,0,0,0,0,0,0,0,0,0,1,0,0,0,0
allisbo01,1959,1,0,0,0,0,0,0,0,0,0,0,0,0,0
alomaro01,1991,0,0,0,0,0,0,0,1,0,0,0,0,0,0
alomaro01,1992,0,0,0,0,0,0,0,1,0,0,0,0,0,0
alomaro01,1993,0,0,0,0,0,0,0,1,0,0,0,0,0,0
alomaro01,1994,0,0,0,0,0,0,0,1,0,0,0,0,0,0
alomaro01,1995,0,0,0,0,0,0,0,1,0,0,0,0,0,0
alomaro01,1996,0,0,0,0,0,0,0,1,0,0,0,0,0,0
alomaro01,1998,0,0,0,0,0,0,0,1,0,0,0,0,0,0
alomaro01,1999,0,0,0,0,0,0,0,1,0,0,0,0,0,0
alomaro01,2000,0,0,0,0,0,0,0,1,0,0,0,0,0,0
alomaro01,2001,0,0,0,0,0,0,0,1,0,0,0,0,0,0
alomasa02,1990,1,0,0,0,0,1,0,0,0,0,0,0,0,0
altuvjo01,2015,0,0,0,0,0,0,0,1,0,0,0,0,0,0
altuvjo01,2017,0,1,0,0,0,0,0,0,0,0,0,0,0,0
amaroru01,1964,0,0,0,0,0,0,0,0,0,1,0,0,0,0
andujjo01,1984,0,0,0,0,1,0,0,0,0,0,0,0,0,0
aparilu01,1956,1,0,0,0,0,0,0,0,0,0,0,0,0,0
aparilu01,1958,0,0,0,0,0,0,0,0,0,1,0,0,0,0
aparilu01,1959,0,0,0,0,0,0,0,0,0,1,0,0,0,0
aparilu01,1960,0,0,0,0,0,0,0,0,0,1,0,0,0,0
aparilu01,1961,0,0,0,0,0,0,0,0,0,1,0,0,0,0
aparilu01,1962,0,0,0,0,0,0,0,0,0,1,0,0,0,0
aparilu01,1964,0,0,0,0,0,0,0,0,0,1,0,0,0,0
aparilu01,1966,0,0,0,0,0,0,0,0,0,1,0,0,0,0
aparilu01,1968,0,0,0,0,0,0,0,0,0,1,0,0,0,0
aparilu01,1970,0,0,0,0,0,0,0,0,0,1,0,0,0,0
arenano01,2013,0,0,0,0,0,0,0,0,1,0,0,0,0,0
arenano01,2014,0,0,0,0,0,0,0,0,1,0,0,0,0,0
arenano01,2015,0,0,0,0,0,0,0,0,1,0,0,0,0,0
arenano01,2016,0,0,0,0,0,0,0,0,1,0,0,0,0,0
arenano01,2017,0,0,0,0,0,0,0,0,1,0,0,0,0,0
arrieja01,2015,0,0,1,0,0,0,0,0,0,0,0,0,0,0
arroybr01,2010,0,0,0,0,1,0,0,0,0,0,0,0,0,0
ausmubr01,2001,0,0,0,0,0,1,0,0,0,0,0,0,0,0
ausmubr01,2002,0,0,0,0,0,1,0,0,0,0,0,0,0,0
ausmubr01,2006,0,0,0,0,0,1,0,0,0,0,0,0,0,0
aybarer01,2011,0,0,0,0,0,0,0,0,0,1,0,0,0,0
bagweje01,1991,1,0,0,0,0,0,0,0,0,0,0,0,0,0
bagweje01,1994,0,1,0,0,0,0,1,0,0,0,0,0,0,0
bahnsst01,1968,1,0,0,0,0,0,0,0,0,0,0,0,0,0
bailean01,2009,1,0,0,0,0,0,0,0,0,0,0,0,0,0
bakerdu01,1981,0,0,0,0,0,0,0,0,0,0,0,0,0,1
bankser01,1958,0,1,0,0,0,0,0,0,0,0,0,0,0,0
bankser01,1959,0,1,0,0,0,0,0,0,0,0,0,0,0,0
bankser01,1960,0,0,0,0,0,0,0,0,0,1,0,0,0,0
barfije01,1986,0,0,0,0,0,0,0,0,0,0,0,0,0,1
barfije01,1987,0,0,0,0,0,0,0,0,0,0,0,0,0,1
barneda01,2012,0,0,0,0,0,0,0,1,0,0,0,0,0,0
barnhtu01,2017,0,0,0,0,0,1,0,0,0,0,0,0,0,0
batteea01,1960,0,0,0,0,0,1,0,0,0,0,0,0,0,0
batteea01,1961,0,0,0,0,0,1,0,0,0,0,0,0,0,0
batteea01,1962,0,0,0,0,0,1,0,0,0,0,0,0,0,0
bayja01,2004,1,0,0,0,0,0,0,0,0,0,0,0,0,0
baylodo01,1979,0,1,0,0,0,0,0,0,0,0,0,0,0,0
beckegl01,1968,0,0,0,0,0,0,0,1,0,0,0,0,0,0
bedrost01,1987,0,0,1,0,0,0,0,0,0,0,0,0,0,0
belanma01,1969,0,0,0,0,0,0,0,0,0,1,0,0,0,0
belanma01,1971,0,0,0,0,0,0,0,0,0,1,0,0,0,0
belanma01,1973,0,0,0,0,0,0,0,0,0,1,0,0,0,0
belanma01,1974,0,0,0,0,0,0,0,0,0,1,0,0,0,0
belanma01,1975,0,0,0,0,0,0,0,0,0,1,0,0,0,0
belanma01,1976,0,0,0,0,0,0,0,0,0,1,0,0,0,0
belanma01,1977,0,0,0,0,0,0,0,0,0,1,0,0,0,0
belanma01,1978,0,0,0,0,0,0,0,0,0,1,0,0,0,0
bellbu01,1979,0,0,0,0,0,0,0,0,1,0,0,0,0,0
bellbu01,1980,0,0,0,0,0,0,0,0,1,0,0,0,0,0
bellbu01,1981,0,0,0,0,0,0,0,0,1,0,0,0,0,0
bellbu01,1982,0,0,0,0,0,0,0,0,1,0,0,0,0,0
bellbu01,1983,0,0,0,0,0,0,0,0,1,0,0,0,0,0
bellbu01,1984,0,0,0,0,0,0,0,0,1,0,0,0,0,0
bellge02,1987,0,1,0,0,0,0,0,0,0,0,0,0,0,0
bellico01,2017,1,0,0,0,0,0,0,0,0,0,0,0,0,0
bellja01,1993,0,0,0,0,0,0,0,0,0,1,0,0,0,0
beltrad01,2007,0,0,0,0,0,0,0,0,1,0,0,0,0,0
beltrad01,2008,0,0,0,0,0,0,0,0,1,0,0,0,0,0
beltrad01,2011,0,0,0,0,0,0,0,0,1,0,0,0,0,0
beltrad01,2012,0,0,0,0,0,0,0,0,1,0,0,0,0,0
beltrad01,2016,0,0,0,0,0,0,0,0,1,0,0,0,0,0
beltrca01,1999,1,0,0,0,0,0,0,0,0,0,0,0,0,0
beltrca01,2006,0,0,0,0,0,0,0,0,0,0,0,0,0,1
beltrca01,2007,0,0,0,0,0,0,0,0,0,0,0,0,0,1
beltrca01,2008,0,0,0,0,0,0,0,0,0,0,0,0,0,1
benchjo01,1968,1,0,0,0,0,1,0,0,0,0,0,0,0,0
benchjo01,1969,0,0,0,0,0,1,0,0,0,0,0,0,0,0
benchjo01,1970,0,1,0,0,0,1,0,0,0,0,0,0,0,0
benchjo01,1971,0,0,0,0,0,1,0,0,0,0,0,0,0,0
benchjo01,1972,0,1,0,0,0,1,0,0,0,0,0,0,0,0
benchjo01,1973,0,0,0,0,0,1,0,0,0,0,0,0,0,0
benchjo01,1974,0,0,0,0,0,1,0,0,0,0,0,0,0,0
benchjo01,1975,0,0,0,0,0,1,0,0,0,0,0,0,0,0
benchjo01,1976,0,0,0,0,0,1,0,0,0,0,0,0,0,0
benchjo01,1977,0,0,0,0,0,1,0,0,0,0,0,0,0,0
beniqju01,1977,0,0,0,0,0,0,0,0,0,0,0,0,0,1
berrayo01,1951,0,1,0,0,0,0,0,0,0,0,0,0,0,0
berrayo01,1954,0,1,0,0,0,0,0,0,0,0,0,0,0,0
berrayo01,1955,0,1,0,0,0,0,0,0,0,0,0,0,0,0
berroan01,2003,1,0,0,0,0,0,0,0,0,0,0,0,0,0
berryke01,1970,0,0,0,0,0,0,0,0,0,0,0,0,0,1
berryke01,1972,0,0,0,0,0,0,0,0,0,0,0,0,0,1
bettsmo01,2016,0,0,0,0,0,0,0,0,0,0,0,0,0,1
bettsmo01,2017,0,0,0,0,0,0,0,0,0,0,0,0,1,0
biggicr01,1994,0,0,0,0,0,0,0,1,0,0,0,0,0,0
biggicr01,1995,0,0,0,0,0,0,0,1,0,0,0,0,0,0
biggicr01,1996,0,0,0,0,0,0,0,1,0,0,0,0,0,0
biggicr01,1997,0,0,0,0,0,0,0,1,0,0,0,0,0,0
blackjo02,1952,1,0,0,0,0,0,0,0,0,0,0,0,0,0
blairpa01,1967,0,0,0,0,0,0,0,0,0,0,0,0,0,1
blairpa01,1969,0,0,0,0,0,0,0,0,0,0,0,0,0,1
blairpa01,1970,0,0,0,0,0,0,0,0,0,0,0,0,0,1
blairpa01,1971,0,0,0,0,0,0,0,0,0,0,0,0,0,1
blairpa01,1972,0,0,0,0,0,0,0,0,0,0,0,0,0,1
blairpa01,1973,0,0,0,0,0,0,0,0,0,0,0,0,0,1
blairpa01,1974,0,0,0,0,0,0,0,0,0,0,0,0,0,1
blairpa01,1975,0,0,0,0,0,0,0,0,0,0,0,0,0,1
blefacu01,1965,1,0,0,0,0,0,0,0,0,0,0,0,0,0
bluevi01,1971,0,1,1,0,0,0,0,0,0,0,0,0,0,0
boddimi01,1990,0,0,0,0,1,0,0,0,0,0,0,0,0,0
boggswa01,1994,0,0,0,0,0,0,0,0,1,0,0,0,0,0
boggswa01,1995,0,0,0,0,0,0,0,0,1,0,0,0,0,0
bollifr01,1958,0,0,0,0,0,0,0,1,0,0,0,0,0,0
bondsba01,1990,0,1,0,0,0,0,0,0,0,0,0,0,0,1
bondsba01,1991,0,0,0,0,0,0,0,0,0,0,0,0,0,1
bondsba01,1992,0,1,0,0,0,0,0,0,0,0,0,0,0,1
bondsba01,1993,0,1,0,0,0,0,0,0,0,0,0,0,0,1
bondsba01,1994,0,0,0,0,0,0,0,0,0,0,0,0,0,1
bondsba01,1996,0,0,0,0,0,0,0,0,0,0,0,0,0,1
bondsba01,1997,0,0,0,0,0,0,0,0,0,0,0,0,0,1
bondsba01,1998,0,0,0,0,0,0,0,0,0,0,0,0,0,1
bondsba01,2001,0,1,0,0,0,0,0,0,0,0,0,0,0,0
bondsba01,2002,0,1,0,0,0,0,0,0,0,0,0,0,0,0
bondsba01,2003,0,1,0,0,0,0,0,0,0,0,0,0,0,0
bondsba01,2004,0,1,0,0,0,0,0,0,0,0,0,0,0,0
bondsbo01,1971,0,0,0,0,0,0,0,0,0,0,0,0,0,1
bondsbo01,1973,0,0,0,0,0,0,0,0,0,0,0,0,0,1
bondsbo01,1974,0,0,0,0,0,0,0,0,0,0,0,0,0,1
boonebo01,1978,0,0,0,0,0,1,0,0,0,0,0,0,0,0
boonebo01,1979,0,0,0,0,0,1,0,0,0,0,0,0,0,0
boonebo01,1982,0,0,0,0,0,1,0,0,0,0,0,0,0,0
boonebo01,1986,0,0,0,0,0,1,0,0,0,0,0,0,0,0
boonebo01,1987,0,0,0,0,0,1,0,0,0,0,0,0,0,0
boonebo01,1988,0,0,0,0,0,1,0,0,0,0,0,0,0,0
boonebo01,1989,0,0,0,0,0,1,0,0,0,0,0,0,0,0
boonebr01,1998,0,0,0,0,0,0,0,1,0,0,0,0,0,0
boonebr01,2002,0,0,0,0,0,0,0,1,0,0,0,0,0,0
boonebr01,2003,0,0,0,0,0,0,0,1,0,0,0,0,0,0
boonebr01,2004,0,0,0,0,0,0,0,1,0,0,0,0,0,0
bottoji01,1928,0,1,0,0,0,0,0,0,0,0,0,0,0,0
boudrlo01,1948,0,1,0,0,0,0,0,0,0,0,0,0,0,0
bournmi01,2009,0,0,0,0,0,0,0,0,0,0,0,0,0,1
bournmi01,2010,0,0,0,0,0,0,0,0,0,0,0,0,0,1
bowala01,1972,0,0,0,0,0,0,0,0,0,1,0,0,0,0
bowala01,1978,0,0,0,0,0,0,0,0,0,1,0,0,0,0
boyercl02,1969,0,0,0,0,0,0,0,0,1,0,0,0,0,0
boyerke01,1958,0,0,0,0,0,0,0,0,1,0,0,0,0,0
boyerke01,1959,0,0,0,0,0,0,0,0,1,0,0,0,0,0
boyerke01,1960,0,0,0,0,0,0,0,0,1,0,0,0,0,0
boyerke01,1961,0,0,0,0,0,0,0,0,1,0,0,0,0,0
boyerke01,1963,0,0,0,0,0,0,0,0,1,0,0,0,0,0
boyerke01,1964,0,1,0,0,0,0,0,0,0,0,0,0,0,0
brandja01,1959,0,0,0,0,0,0,0,0,0,0,1,0,0,0
braunry02,2007,1,0,0,0,0,0,0,0,0,0,0,0,0,0
braunry02,2011,0,1,0,0,0,0,0,0,0,0,0,0,0,0
brettge01,1980,0,1,0,0,0,0,0,0,0,0,0,0,0,0
brettge01,1985,0,0,0,0,0,0,0,0,1,0,0,0,0,0
brinked01,1972,0,0,0,0,0,0,0,0,0,1,0,0,0,0
brosisc01,1999,0,0,0,0,0,0,0,0,1,0,0,0,0,0
bryankr01,2015,1,0,0,0,0,0,0,0,0,0,0,0,0,0
bryankr01,2016,0,1,0,0,0,0,0,0,0,0,0,0,0,0
buehrma01,2009,0,0,0,0,1,0,0,0,0,0,0,0,0,0
buehrma01,2010,0,0,0,0,1,0,0,0,0,0,0,0,0,0
buehrma01,2011,0,0,0,0,1,0,0,0,0,0,0,0,0,0
buehrma01,2012,0,0,0,0,1,0,0,0,0,0,0,0,0,0
buhneja01,1996,0,0,0,0,0,0,0,0,0,0,0,0,0,1
bumbral01,1973,1,0,0,0,0,0,0,0,0,0,0,0,0,0
burksel01,1990,0,0,0,0,0,0,0,0,0,0,0,0,0,1
burleri01,1979,0,0,0,0,0,0,0,0,0,1,0,0,0,0
burnsge02,1926,0,1,0,0,0,0,0,0,0,0,0,0,0,0
burroje01,1974,0,1,0,0,0,0,0,0,0,0,0,0,0,0
buxtoby01,2017,0,0,0,0,0,0,0,0,0,0,0,1,0,0
byrdha01,1952,1,0,0,0,0,0,0,0,0,0,0,0,0,0
cabremi01,2012,0,1,0,1,0,0,0,0,0,0,0,0,0,0
cabremi01,2013,0,1,0,0,0,0,0,0,0,0,0,0,0,0
cabreor01,2001,0,0,0,0,0,0,0,0,0,1,0,0,0,0
cabreor01,2007,0,0,0,0,0,0,0,0,0,1,0,0,0,0
calhoko01,2015,0,0,0,0,0,0,0,0,0,0,0,0,1,0
camermi01,2001,0,0,0,0,0,0,0,0,0,0,0,0,0,1
camermi01,2003,0,0,0,0,0,0,0,0,0,0,0,0,0,1
camermi01,2006,0,0,0,0,0,0,0,0,0,0,0,0,0,1
camildo01,1941,0,1,0,0,0,0,0,0,0,0,0,0,0,0
caminke01,1995,0,0,0,0,0,0,0,0,1,0,0,0,0,0
caminke01,1996,0,1,0,0,0,0,0,0,1,0,0,0,0,0
caminke01,1997,0,0,0,0,0,0,0,0,1,0,0,0,0,0
camparo01,1951,0,1,0,0,0,0,0,0,0,0,0,0,0,0
camparo01,1953,0,1,0,0,0,0,0,0,0,0,0,0,0,0
camparo01,1955,0,1,0,0,0,0,0,0,0,0,0,0,0,0
canoro01,2010,0,0,0,0,0,0,0,1,0,0,0,0,0,0
canoro01,2012,0,0,0,0,0,0,0,1,0,0,0,0,0,0
cansejo01,1986,1,0,0,0,0,0,0,0,0,0,0,0,0,0
cansejo01,1988,0,1,0,0,0,0,0,0,0,0,0,0,0,0
cardele01,1965,0,0,0,0,0,0,0,0,0,1,0,0,0,0
carewro01,1967,1,0,0,0,0,0,0,0,0,0,0,0,0,0
carewro01,1977,0,1,0,0,0,0,0,0,0,0,0,0,0,0
carltst01,1972,0,0,1,0,0,0,0,0,0,0,0,0,0,0
carltst01,1977,0,0,1,0,0,0,0,0,0,0,0,0,0,0
carltst01,1980,0,0,1,0,0,0,0,0,0,0,0,0,0,0
carltst01,1981,0,0,0,0,1,0,0,0,0,0,0,0,0,0
carltst01,1982,0,0,1,0,0,0,0,0,0,0,0,0,0,0
carpech01,2005,0,0,1,0,0,0,0,0,0,0,0,0,0,0
cartega01,1980,0,0,0,0,0,1,0,0,0,0,0,0,0,0
cartega01,1981,0,0,0,0,0,1,0,0,0,0,0,0,0,0
cartega01,1982,0,0,0,0,0,1,0,0,0,0,0,0,0,0
castijo01,1979,1,0,0,0,0,0,0,0,0,0,0,0,0,0
castilu01,2003,0,0,0,0,0,0,0,1,0,0,0,0,0,0
castilu01,2004,0,0,0,0,0,0,0,1,0,0,0,0,0,0
castilu01,2005,0,0,0,0,0,0,0,1,0,0,0,0,0,0
cavarph01,1945,0,1,0,0,0,0,0,0,0,0,0,0,0,0
cedence01,1972,0,0,0,0,0,0,0,0,0,0,0,0,0,1
cedence01,1973,0,0,0,0,0,0,0,0,0,0,0,0,0,1
cedence01,1974,0,0,0,0,0,0,0,0,0,0,0,0,0,1
cedence01,1975,0,0,0,0,0,0,0,0,0,0,0,0,0,1
cedence01,1976,0,0,0,0,0,0,0,0,0,0,0,0,0,1
cepedor01,1958,1,0,0,0,0,0,0,0,0,0,0,0,0,0
cepedor01,1967,0,1,0,0,0,0,0,0,0,0,0,0,0,0
cespeyo01,2015,0,0,0,0,0,0,0,0,0,0,1,0,0,0
chambch01,1971,1,0,0,0,0,0,0,0,0,0,0,0,0,0
chambch01,1978,0,0,0,0,0,0,1,0,0,0,0,0,0,0
chancde01,1964,0,0,1,0,0,0,0,0,0,0,0,0,0,0
chandsp01,1943,0,1,0,0,0,0,0,0,0,0,0,0,0,0
charbjo01,1980,1,0,0,0,0,0,0,0,0,0,0,0,0,0
chaveer01,2001,0,0,0,0,0,0,0,0,1,0,0,0,0,0
chaveer01,2002,0,0,0,0,0,0,0,0,1,0,0,0,0,0
chaveer01,2003,0,0,0,0,0,0,0,0,1,0,0,0,0,0
chaveer01,2004,0,0,0,0,0,0,0,0,1,0,0,0,0,0
chaveer01,2005,0,0,0,0,0,0,0,0,1,0,0,0,0,0
chaveer01,2006,0,0,0,0,0,0,0,0,1,0,0,0,0,0
clarkwi02,1991,0,0,0,0,0,0,1,0,0,0,0,0,0,0
clemero01,1961,0,0,0,0,0,0,0,0,0,0,0,0,0,1
clemero01,1962,0,0,0,0,0,0,0,0,0,0,0,0,0,1
clemero01,1963,0,0,0,0,0,0,0,0,0,0,0,0,0,1
clemero01,1964,0,0,0,0,0,0,0,0,0,0,0,0,0,1
clemero01,1965,0,0,0,0,0,0,0,0,0,0,0,0,0,1
clemero01,1966,0,1,0,0,0,0,0,0,0,0,0,0,0,1
clemero01,1967,0,0,0,0,0,0,0,0,0,0,0,0,0,1
clemero01,1968,0,0,0,0,0,0,0,0,0,0,0,0,0,1
clemero01,1969,0,0,0,0,0,0,0,0,0,0,0,0,0,1
clemero01,1970,0,0,0,0,0,0,0,0,0,0,0,0,0,1
clemero01,1971,0,0,0,0,0,0,0,0,0,0,0,0,0,1
clemero01,1972,0,0,0,0,0,0,0,0,0,0,0,0,0,1
clemero02,1986,0,1,1,0,0,0,0,0,0,0,0,0,0,0
clemero02,1987,0,0,1,0,0,0,0,0,0,0,0,0,0,0
clemero02,1991,0,0,1,0,0,0,0,0,0,0,0,0,0,0
clemero02,1997,0,0,1,0,0,0,0,0,0,0,0,0,0,0
clemero02,1998,0,0,1,0,0,0,0,0,0,0,0,0,0,0
clemero02,2001,0,0,1,0,0,0,0,0,0,0,0,0,0,0
clemero02,2004,0,0,1,0,0,0,0,0,0,0,0,0,0,0
cobbty01,1909,0,0,0,1,0,0,0,0,0,0,0,0,0,0
cobbty01,1911,0,1,0,0,0,0,0,0,0,0,0,0,0,0
cochrmi01,1928,0,1,0,0,0,0,0,0,0,0,0,0,0,0
cochrmi01,1934,0,1,0,0,0,0,0,0,0,0,0,0,0,0
coghlch01,2009,1,0,0,0,0,0,0,0,0,0,0,0,0,0
colemvi01,1985,1,0,0,0,0,0,0,0,0,0,0,0,0,0
collied01,1914,0,1,0,0,0,0,0,0,0,0,0,0,0,0
colonba01,2005,0,0,1,0,0,0,0,0,0,0,0,0,0,0
conceda01,1974,0,0,0,0,0,0,0,0,0,1,0,0,0,0
conceda01,1975,0,0,0,0,0,0,0,0,0,1,0,0,0,0
conceda01,1976,0,0,0,0,0,0,0,0,0,1,0,0,0,0
conceda01,1977,0,0,0,0,0,0,0,0,0,1,0,0,0,0
conceda01,1979,0,0,0,0,0,0,0,0,0,1,0,0,0,0
coneda01,1994,0,0,1,0,0,0,0,0,0,0,0,0,0,0
coopece01,1979,0,0,0,0,0,0,1,0,0,0,0,0,0,0
coopece01,1980,0,0,0,0,0,0,1,0,0,0,0,0,0,0
coopemo01,1942,0,1,0,0,0,0,0,0,0,0,0,0,0,0
cordoma01,1995,1,0,0,0,0,0,0,0,0,0,0,0,0,0
correca01,2015,1,0,0,0,0,0,0,0,0,0,0,0,0,0
cowenal01,1977,0,0,0,0,0,0,0,0,0,0,0,0,0,1
crandde01,1958,0,0,0,0,0,1,0,0,0,0,0,0,0,0
crandde01,1959,0,0,0,0,0,1,0,0,0,0,0,0,0,0
crandde01,1960,0,0,0,0,0,1,0,0,0,0,0,0,0,0
crandde01,1962,0,0,0,0,0,1,0,0,0,0,0,0,0,0
crawfbr01,2015,0,0,0,0,0,0,0,0,0,1,0,0,0,0
crawfbr01,2016,0,0,0,0,0,0,0,0,0,1,0,0,0,0
crawfbr01,2017,0,0,0,0,0,0,0,0,0,1,0,0,0,0
crawfca02,2010,0,0,0,0,0,0,0,0,0,0,0,0,0,1
crosbbo01,2004,1,0,0,0,0,0,0,0,0,0,0,0,0,0
cruzjo02,2003,0,0,0,0,0,0,0,0,0,0,0,0,0,1
cuellmi01,1969,0,0,1,0,0,0,0,0,0,0,0,0,0,0
darkal01,1948,1,0,0,0,0,0,0,0,0,0,0,0,0,0
darliro01,1989,0,0,0,0,1,0,0,0,0,0,0,0,0,0
daubeja01,1913,0,1,0,0,0,0,0,0,0,0,0,0,0,0
davalvi01,1964,0,0,0,0,0,0,0,0,0,0,0,0,0,1
davenji01,1962,0,0,0,0,0,0,0,0,1,0,0,0,0,0
davisal01,1984,1,0,0,0,0,0,0,0,0,0,0,0,0,0
daviser01,1987,0,0,0,0,0,0,0,0,0,0,0,0,0,1
daviser01,1988,0,0,0,0,0,0,0,0,0,0,0,0,0,1
daviser01,1989,0,0,0,0,0,0,0,0,0,0,0,0,0,1
davisjo02,1986,0,0,0,0,0,1,0,0,0,0,0,0,0,0
davisma01,1989,0,0,1,0,0,0,0,0,0,0,0,0,0,0
daviswi02,1971,0,0,0,0,0,0,0,0,0,0,0,0,0,1
daviswi02,1972,0,0,0,0,0,0,0,0,0,0,0,0,0,1
daviswi02,1973,0,0,0,0,0,0,0,0,0,0,0,0,0,1
dawsoan01,1977,1,0,0,0,0,0,0,0,0,0,0,0,0,0
dawsoan01,1980,0,0,0,0,0,0,0,0,0,0,0,0,0,1
dawsoan01,1981,0,0,0,0,0,0,0,0,0,0,0,0,0,1
dawsoan01,1982,0,0,0,0,0,0,0,0,0,0,0,0,0,1
dawsoan01,1983,0,0,0,0,0,0,0,0,0,0,0,0,0,1
dawsoan01,1984,0,0,0,0,0,0,0,0,0,0,0,0,0,1
dawsoan01,1985,0,0,0,0,0,0,0,0,0,0,0,0,0,1
dawsoan01,1987,0,1,0,0,0,0,0,0,0,0,0,0,0,1
dawsoan01,1988,0,0,0,0,0,0,0,0,0,0,0,0,0,1
deandi01,1934,0,1,0,0,0,0,0,0,0,0,0,0,0,0
degroja01,2014,1,0,0,0,0,0,0,0,0,0,0,0,0,0
dennyjo01,1983,0,0,1,0,0,0,0,0,0,0,0,0,0,0
dernibo01,1984,0,0,0,0,0,0,0,0,0,0,0,0,0,1
dickera01,2012,0,0,1,0,0,0,0,0,0,0,0,0,0,0
dickera01,2013,0,0,0,0,1,0,0,0,0,0,0,0,0,0
dimagjo01,1939,0,1,0,0,0,0,0,0,0,0,0,0,0,0
dimagjo01,1941,0,1,0,0,0,0,0,0,0,0,0,0,0,0
dimagjo01,1947,0,1,0,0,0,0,0,0,0,0,0,0,0,0
donaljo02,2015,0,1,0,0,0,0,0,0,0,0,0,0,0,0
doylela01,1912,0,1,0,0,0,0,0,0,0,0,0,0,0,0
doziebr01,2017,0,0,0,0,0,0,0,1,0,0,0,0,0,0
drabedo01,1990,0,0,1,0,0,0,0,0,0,0,0,0,0,0
dropowa01,1950,1,0,0,0,0,0,0,0,0,0,0,0,0,0
drysddo01,1962,0,0,1,0,0,0,0,0,0,0,0,0,0,0
duffyhu01,1894,0,0,0,1,0,0,0,0,0,0,0,0,0,0
dyeje01,2000,0,0,0,0,0,0,0,0,0,0,0,0,0,1
eckerde01,1992,0,1,1,0,0,0,0,0,0,0,0,0,0,0
edmonji01,1997,0,0,0,0,0,0,0,0,0,0,0,0,0,1
edmonji01,1998,0,0,0,0,0,0,0,0,0,0,0,0,0,1
edmonji01,2000,0,0,0,0,0,0,0,0,0,0,0,0,0,1
edmonji01,2001,0,0,0,0,0,0,0,0,0,0,0,0,0,1
edmonji01,2002,0,0,0,0,0,0,0,0,0,0,0,0,0,1
edmonji01,2003,0,0,0,0,0,0,0,0,0,0,0,0,0,1
edmonji01,2004,0,0,0,0,0,0,0,0,0,0,0,0,0,1
edmonji01,2005,0,0,0,0,0,0,0,0,0,0,0,0,0,1
edwarjo01,1963,0,0,0,0,0,1,0,0,0,0,0,0,0,0
edwarjo01,1964,0,0,0,0,0,1,0,0,0,0,0,0,0,0
elliobo01,1947,0,1,0,0,0,0,0,0,0,0,0,0,0,0
ellsbja01,2011,0,0,0,0,0,0,0,0,0,0,0,1,0,0
erstada01,2000,0,0,0,0,0,0,0,0,0,0,0,0,0,1
erstada01,2002,0,0,0,0,0,0,0,0,0,0,0,0,0,1
erstada01,2004,0,0,0,0,0,0,1,0,0,0,0,0,0,0
escobal02,2015,0,0,0,0,0,0,0,0,0,1,0,0,0,0
ethiean01,2011,0,0,0,0,0,0,0,0,0,0,0,0,1,0
evansdw01,1976,0,0,0,0,0,0,0,0,0,0,0,0,0,1
evansdw01,1978,0,0,0,0,0,0,0,0,0,0,0,0,0,1
evansdw01,1979,0,0,0,0,0,0,0,0,0,0,0,0,0,1
evansdw01,1981,0,0,0,0,0,0,0,0,0,0,0,0,0,1
evansdw01,1982,0,0,0,0,0,0,0,0,0,0,0,0,0,1
evansdw01,1983,0,0,0,0,0,0,0,0,0,0,0,0,0,1
evansdw01,1984,0,0,0,0,0,0,0,0,0,0,0,0,0,1
evansdw01,1985,0,0,0,0,0,0,0,0,0,0,0,0,0,1
eversjo01,1914,0,1,0,0,0,0,0,0,0,0,0,0,0,0
felizne01,2010,1,0,0,0,0,0,0,0,0,0,0,0,0,0
fernajo02,2013,1,0,0,0,0,0,0,0,0,0,0,0,0,0
fernato01,1986,0,0,0,0,0,0,0,0,0,1,0,0,0,0
fernato01,1987,0,0,0,0,0,0,0,0,0,1,0,0,0,0
fernato01,1988,0,0,0,0,0,0,0,0,0,1,0,0,0,0
fernato01,1989,0,0,0,0,0,0,0,0,0,1,0,0,0,0
fidryma01,1976,1,0,0,0,0,0,0,0,0,0,0,0,0,0
fingero01,1981,0,1,1,0,0,0,0,0,0,0,0,0,0,0
finlest01,1995,0,0,0,0,0,0,0,0,0,0,0,0,0,1
finlest01,1996,0,0,0,0,0,0,0,0,0,0,0,0,0,1
finlest01,1999,0,0,0,0,0,0,0,0,0,0,0,0,0,1
finlest01,2000,0,0,0,0,0,0,0,0,0,0,0,0,0,1
finlest01,2004,0,0,0,0,0,0,0,0,0,0,0,0,0,1
fiskca01,1972,1,0,0,0,0,1,0,0,0,0,0,0,0,0
flanami01,1979,0,0,1,0,0,0,0,0,0,0,0,0,0,0
floodcu01,1963,0,0,0,0,0,0,0,0,0,0,0,0,0,1
floodcu01,1964,0,0,0,0,0,0,0,0,0,0,0,0,0,1
floodcu01,1965,0,0,0,0,0,0,0,0,0,0,0,0,0,1
floodcu01,1966,0,0,0,0,0,0,0,0,0,0,0,0,0,1
floodcu01,1967,0,0,0,0,0,0,0,0,0,0,0,0,0,1
floodcu01,1968,0,0,0,0,0,0,0,0,0,0,0,0,0,1
floodcu01,1969,0,0,0,0,0,0,0,0,0,0,0,0,0,1
flynndo01,1980,0,0,0,0,0,0,0,1,0,0,0,0,0,0
fordwh01,1961,0,0,1,0,0,0,0,0,0,0,0,0,0,0
fossera01,1970,0,0,0,0,0,1,0,0,0,0,0,0,0,0
fossera01,1971,0,0,0,0,0,1,0,0,0,0,0,0,0,0
fostege01,1977,0,1,0,0,0,0,0,0,0,0,0,0,0,0
foxne01,1957,0,0,0,0,0,0,0,1,0,0,0,0,0,0
foxne01,1959,0,1,0,0,0,0,0,1,0,0,0,0,0,0
foxne01,1960,0,0,0,0,0,0,0,1,0,0,0,0,0,0
foxxji01,1932,0,1,0,0,0,0,0,0,0,0,0,0,0,0
foxxji01,1933,0,1,0,1,0,0,0,0,0,0,0,0,0,0
foxxji01,1938,0,1,0,0,0,0,0,0,0,0,0,0,0,0
francje02,2007,0,0,0,0,0,0,0,0,0,0,0,0,0,1
freehbi01,1965,0,0,0,0,0,1,0,0,0,0,0,0,0,0
freehbi01,1966,0,0,0,0,0,1,0,0,0,0,0,0,0,0
freehbi01,1967,0,0,0,0,0,1,0,0,0,0,0,0,0,0
freehbi01,1968,0,0,0,0,0,1,0,0,0,0,0,0,0,0
freehbi01,1969,0,0,0,0,0,1,0,0,0,0,0,0,0,0
fregoji01,1967,0,0,0,0,0,0,0,0,0,1,0,0,0,0
friscfr01,1931,0,1,0,0,0,0,0,0,0,0,0,0,0,0
frymatr01,2000,0,0,0,0,0,0,0,0,1,0,0,0,0,0
fulmemi01,2016,1,0,0,0,0,0,0,0,0,0,0,0,0,0
furcara01,2000,1,0,0,0,0,0,0,0,0,0,0,0,0,0
gaettga01,1986,0,0,0,0,0,0,0,0,1,0,0,0,0,0
gaettga01,1987,0,0,0,0,0,0,0,0,1,0,0,0,0,0
gaettga01,1988,0,0,0,0,0,0,0,0,1,0,0,0,0,0
gaettga01,1989,0,0,0,0,0,0,0,0,1,0,0,0,0,0
gagneer01,2003,0,0,1,0,0,0,0,0,0,0,0,0,0,0
galaran01,1989,0,0,0,0,0,0,1,0,0,0,0,0,0,0
galaran01,1990,0,0,0,0,0,0,1,0,0,0,0,0,0,0
garcino01,1997,1,0,0,0,0,0,0,0,0,0,0,0,0,0
gardnbr01,2016,0,0,0,0,0,0,0,0,0,0,0,0,0,1
garvest01,1974,0,1,0,0,0,0,1,0,0,0,0,0,0,0
garvest01,1975,0,0,0,0,0,0,1,0,0,0,0,0,0,0
garvest01,1976,0,0,0,0,0,0,1,0,0,0,0,0,0,0
garvest01,1977,0,0,0,0,0,0,1,0,0,0,0,0,0,0
gehrich01,1937,0,1,0,0,0,0,0,0,0,0,0,0,0,0
gehrilo01,1927,0,1,0,0,0,0,0,0,0,0,0,0,0,0
gehrilo01,1934,0,0,0,1,0,0,0,0,0,0,0,0,0,0
gehrilo01,1936,0,1,0,0,0,0,0,0,0,0,0,0,0,0
geronce01,1974,0,0,0,0,0,0,0,0,0,0,0,0,0,1
geronce01,1975,0,0,0,0,0,0,0,0,0,0,0,0,0,1
geronce01,1976,0,0,0,0,0,0,0,0,0,0,0,0,0,1
geronce01,1977,0,0,0,0,0,0,0,0,0,0,0,0,0,1
giambja01,2000,0,1,0,0,0,0,0,0,0,0,0,0,0,0
gibsobo01,1965,0,0,0,0,1,0,0,0,0,0,0,0,0,0
gibsobo01,1966,0,0,0,0,1,0,0,0,0,0,0,0,0,0
gibsobo01,1967,0,0,0,0,1,0,0,0,0,0,0,0,0,0
gibsobo01,1968,0,1,1,0,1,0,0,0,0,0,0,0,0,0
gibsobo01,1969,0,0,0,0,1,0,0,0,0,0,0,0,0,0
gibsobo01,1970,0,0,1,0,1,0,0,0,0,0,0,0,0,0
gibsobo01,1971,0,0,0,0,1,0,0,0,0,0,0,0,0,0
gibsobo01,1972,0,0,0,0,1,0,0,0,0,0,0,0,0,0
gibsobo01,1973,0,0,0,0,1,0,0,0,0,0,0,0,0,0
gibsoki01,1988,0,1,0,0,0,0,0,0,0,0,0,0,0,0
gilliji01,1953,1,0,0,0,0,0,0,0,0,0,0,0,0,0
glavito02,1991,0,0,1,0,0,0,0,0,0,0,0,0,0,0
glavito02,1998,0,0,1,0,0,0,0,0,0,0,0,0,0,0
goldspa01,2013,0,0,0,0,0,0,1,0,0,0,0,0,0,0
goldspa01,2015,0,0,0,0,0,0,1,0,0,0,0,0,0,0
goldspa01,2017,0,0,0,0,0,0,1,0,0,0,0,0,0,0
gomezca01,2013,0,0,0,0,0,0,0,0,0,0,0,1,0,0
gonzaad01,2008,0,0,0,0,0,0,1,0,0,0,0,0,0,0
gonzaad01,2009,0,0,0,0,0,0,1,0,0,0,0,0,0,0
gonzaad01,2011,0,0,0,0,0,0,1,0,0,0,0,0,0,0
gonzaad01,2014,0,0,0,0,0,0,1,0,0,0,0,0,0,0
gonzaca01,2010,0,0,0,0,0,0,0,0,0,0,0,0,0,1
gonzaca01,2012,0,0,0,0,0,0,0,0,0,0,1,0,0,0
gonzaca01,2013,0,0,0,0,0,0,0,0,0,0,1,0,0,0
gonzaju03,1996,0,1,0,0,0,0,0,0,0,0,0,0,0,0
gonzaju03,1998,0,1,0,0,0,0,0,0,0,0,0,0,0,0
goodedw01,1984,1,0,0,0,0,0,0,0,0,0,0,0,0,0
goodedw01,1985,0,0,1,0,0,0,0,0,0,0,0,0,0,0
gordoal01,2011,0,0,0,0,0,0,0,0,0,0,1,0,0,0
gordoal01,2012,0,0,0,0,0,0,0,0,0,0,1,0,0,0
gordoal01,2013,0,0,0,0,0,0,0,0,0,0,1,0,0,0
gordoal01,2014,0,0,0,0,0,0,0,0,0,0,1,0,0,0
gordoal01,2017,0,0,0,0,0,0,0,0,0,0,1,0,0,0
gordode01,2015,0,0,0,0,0,0,0,1,0,0,0,0,0,0
gordojo01,1942,0,1,0,0,0,0,0,0,0,0,0,0,0,0
gracema01,1992,0,0,0,0,0,0,1,0,0,0,0,0,0,0
gracema01,1993,0,0,0,0,0,0,1,0,0,0,0,0,0,0
gracema01,1995,0,0,0,0,0,0,1,0,0,0,0,0,0,0
gracema01,1996,0,0,0,0,0,0,1,0,0,0,0,0,0,0
greenha01,1935,0,1,0,0,0,0,0,0,0,0,0,0,0,0
greenha01,1940,0,1,0,0,0,0,0,0,0,0,0,0,0,0
greensh01,1999,0,0,0,0,0,0,0,0,0,0,0,0,0,1
greinza01,2009,0,0,1,0,0,0,0,0,0,0,0,0,0,0
greinza01,2014,0,0,0,0,1,0,0,0,0,0,0,0,0,0
greinza01,2015,0,0,0,0,1,0,0,0,0,0,0,0,0,0
greinza01,2016,0,0,0,0,1,0,0,0,0,0,0,0,0,0
greinza01,2017,0,0,0,0,1,0,0,0,0,0,0,0,0,0
grichbo01,1973,0,0,0,0,0,0,0,1,0,0,0,0,0,0
grichbo01,1974,0,0,0,0,0,0,0,1,0,0,0,0,0,0
grichbo01,1975,0,0,0,0,0,0,0,1,0,0,0,0,0,0
grichbo01,1976,0,0,0,0,0,0,0,1,0,0,0,0,0,0
grievbe01,1998,1,0,0,0,0,0,0,0,0,0,0,0,0,0
griffal01,1979,1,0,0,0,0,0,0,0,0,0,0,0,0,0
griffal01,1985,0,0,0,0,0,0,0,0,0,1,0,0,0,0
griffdo01,1972,0,0,0,0,0,0,0,1,0,0,0,0,0,0
griffke02,1990,0,0,0,0,0,0,0,0,0,0,0,0,0,1
griffke02,1991,0,0,0,0,0,0,0,0,0,0,0,0,0,1
griffke02,1992,0,0,0,0,0,0,0,0,0,0,0,0,0,1
griffke02,1993,0,0,0,0,0,0,0,0,0,0,0,0,0,1
griffke02,1994,0,0,0,0,0,0,0,0,0,0,0,0,0,1
griffke02,1995,0,0,0,0,0,0,0,0,0,0,0,0,0,1
griffke02,1996,0,0,0,0,0,0,0,0,0,0,0,0,0,1
griffke02,1997,0,1,0,0,0,0,0,0,0,0,0,0,0,1
griffke02,1998,0,0,0,0,0,0,0,0,0,0,0,0,0,1
griffke02,1999,0,0,0,0,0,0,0,0,0,0,0,0,0,1
grimbo01,1954,1,0,0,0,0,0,0,0,0,0,0,0,0,0
grissma02,1993,0,0,0,0,0,0,0,0,0,0,0,0,0,1
grissma02,1994,0,0,0,0,0,0,0,0,0,0,0,0,0,1
grissma02,1995,0,0,0,0,0,0,0,0,0,0,0,0,0,1
grissma02,1996,0,0,0,0,0,0,0,0,0,0,0,0,0,1
groatdi01,1960,0,1,0,0,0,0,0,0,0,0,0,0,0,0
grovele01,1931,0,1,0,0,0,0,0,0,0,0,0,0,0,0
grubeke01,1990,0,0,0,0,0,0,0,0,1,0,0,0,0,0
grudzma01,2006,0,0,0,0,0,0,0,1,0,0,0,0,0,0
guerrvl01,2004,0,1,0,0,0,0,0,0,0,0,0,0,0,0
guidrro01,1978,0,0,1,0,0,0,0,0,0,0,0,0,0,0
guidrro01,1982,0,0,0,0,1,0,0,0,0,0,0,0,0,0
guidrro01,1983,0,0,0,0,1,0,0,0,0,0,0,0,0,0
guidrro01,1984,0,0,0,0,1,0,0,0,0,0,0,0,0,0
guidrro01,1985,0,0,0,0,1,0,0,0,0,0,0,0,0,0
guidrro01,1986,0,0,0,0,1,0,0,0,0,0,0,0,0,0
guilloz01,1985,1,0,0,0,0,0,0,0,0,0,0,0,0,0
guilloz01,1990,0,0,0,0,0,0,0,0,0,1,0,0,0,0
gutiefr01,2010,0,0,0,0,0,0,0,0,0,0,0,0,0,1
gwynnto01,1986,0,0,0,0,0,0,0,0,0,0,0,0,0,1
gwynnto01,1987,0,0,0,0,0,0,0,0,0,0,0,0,0,1
gwynnto01,1989,0,0,0,0,0,0,0,0,0,0,0,0,0,1
gwynnto01,1990,0,0,0,0,0,0,0,0,0,0,0,0,0,1
gwynnto01,1991,0,0,0,0,0,0,0,0,0,0,0,0,0,1
haddiha01,1958,0,0,0,0,1,0,0,0,0,0,0,0,0,0
haddiha01,1959,0,0,0,0,1,0,0,0,0,0,0,0,0,0
haddiha01,1960,0,0,0,0,1,0,0,0,0,0,0,0,0,0
hallaro01,2003,0,0,1,0,0,0,0,0,0,0,0,0,0,0
hallaro01,2010,0,0,1,0,0,0,0,0,0,0,0,0,0,0
hamelbo01,1994,1,0,0,0,0,0,0,0,0,0,0,0,0,0
hamiljo03,2010,0,1,0,0,0,0,0,0,0,0,0,0,0,0
hamptmi01,2003,0,0,0,0,1,0,0,0,0,0,0,0,0,0
hansero02,1960,1,0,0,0,0,0,0,0,0,0,0,0,0,0
hardyjj01,2012,0,0,0,0,0,0,0,0,0,1,0,0,0,0
hardyjj01,2013,0,0,0,0,0,0,0,0,0,1,0,0,0,0
hardyjj01,2014,0,0,0,0,0,0,0,0,0,1,0,0,0,0
hargrmi01,1974,1,0,0,0,0,0,0,0,0,0,0,0,0,0
harpebr03,2012,1,0,0,0,0,0,0,0,0,0,0,0,0,0
harpebr03,2015,0,1,0,0,0,0,0,0,0,0,0,0,0,0
harrebu01,1971,0,0,0,0,0,0,0,0,0,1,0,0,0,0
hartnga01,1935,0,1,0,0,0,0,0,0,0,0,0,0,0,0
headlch01,2012,0,0,0,0,0,0,0,0,1,0,0,0,0,0
hellije01,2011,1,0,0,0,0,0,0,0,0,0,0,0,0,0
hellije01,2012,0,0,0,0,1,0,0,0,0,0,0,0,0,0
helmsto01,1966,1,0,0,0,0,0,0,0,0,0,0,0,0,0
helmsto01,1970,0,0,0,0,0,0,0,1,0,0,0,0,0,0
helmsto01,1971,0,0,0,0,0,0,0,1,0,0,0,0,0,0
heltoto01,2001,0,0,0,0,0,0,1,0,0,0,0,0,0,0
heltoto01,2002,0,0,0,0,0,0,1,0,0,0,0,0,0,0
heltoto01,2004,0,0,0,0,0,0,1,0,0,0,0,0,0,0
henderi01,1981,0,0,0,0,0,0,0,0,0,0,0,0,0,1
henderi01,1990,0,1,0,0,0,0,0,0,0,0,0,0,0,0
hentgpa01,1996,0,0,1,0,0,0,0,0,0,0,0,0,0,0
hernafe02,2010,0,0,1,0,0,0,0,0,0,0,0,0,0,0
hernake01,1978,0,0,0,0,0,0,1,0,0,0,0,0,0,0
hernake01,1979,0,1,0,0,0,0,1,0,0,0,0,0,0,0
hernake01,1980,0,0,0,0,0,0,1,0,0,0,0,0,0,0
hernake01,1981,0,0,0,0,0,0,1,0,0,0,0,0,0,0
hernake01,1982,0,0,0,0,0,0,1,0,0,0,0,0,0,0
hernake01,1983,0,0,0,0,0,0,1,0,0,0,0,0,0,0
hernake01,1984,0,0,0,0,0,0,1,0,0,0,0,0,0,0
hernake01,1985,0,0,0,0,0,0,1,0,0,0,0,0,0,0
hernake01,1986,0,0,0,0,0,0,1,0,0,0,0,0,0,0
hernake01,1987,0,0,0,0,0,0,1,0,0,0,0,0,0,0
hernake01,1988,0,0,0,0,0,0,1,0,0,0,0,0,0,0
hernawi01,1984,0,1,1,0,0,0,0,0,0,0,0,0,0,0
hershor01,1988,0,0,1,0,1,0,0,0,0,0,0,0,0,0
heywaja01,2012,0,0,0,0,0,0,0,0,0,0,0,0,1,0
heywaja01,2014,0,0,0,0,0,0,0,0,0,0,0,0,1,0
heywaja01,2015,0,0,0,0,0,0,0,0,0,0,0,0,1,0
heywaja01,2016,0,0,0,0,0,0,0,0,0,0,0,0,0,1
heywaja01,2017,0,0,0,0,0,0,0,0,0,0,0,0,1,0
hinespa01,1878,0,0,0,1,0,0,0,0,0,0,0,0,0,0
hinsker01,2002,1,0,0,0,0,0,0,0,0,0,0,0,0,0
hodgegi01,1957,0,0,0,0,0,0,1,0,0,0,0,0,0,0
hodgegi01,1958,0,0,0,0,0,0,1,0,0,0,0,0,0,0
hodgegi01,1959,0,0,0,0,0,0,1,0,0,0,0,0,0,0
hollato01,1996,1,0,0,0,0,0,0,0,0,0,0,0,0,0
hornebo01,1978,1,0,0,0,0,0,0,0,0,0,0,0,0,0
hornsro01,1922,0,0,0,1,0,0,0,0,0,0,0,0,0,0
hornsro01,1925,0,1,0,1,0,0,0,0,0,0,0,0,0,0
hornsro01,1929,0,1,0,0,0,0,0,0,0,0,0,0,0,0
hosmeer01,2013,0,0,0,0,0,0,1,0,0,0,0,0,0,0
hosmeer01,2014,0,0,0,0,0,0,1,0,0,0,0,0,0,0
hosmeer01,2015,0,0,0,0,0,0,1,0,0,0,0,0,0,0
hosmeer01,2017,0,0,0,0,0,0,1,0,0,0,0,0,0,0
howarel01,1963,0,1,0,0,0,1,0,0,0,0,0,0,0,0
howarel01,1964,0,0,0,0,0,1,0,0,0,0,0,0,0,0
howarfr01,1960,1,0,0,0,0,0,0,0,0,0,0,0,0,0
howarry01,2005,1,0,0,0,0,0,0,0,0,0,0,0,0,0
howarry01,2006,0,1,0,0,0,0,0,0,0,0,0,0,0,0
howest01,1980,1,0,0,0,0,0,0,0,0,0,0,0,0,0
hoytla01,1983,0,0,1,0,0,0,0,0,0,0,0,0,0,0
hubbeca01,1933,0,1,0,0,0,0,0,0,0,0,0,0,0,0
hubbeca01,1936,0,1,0,0,0,0,0,0,0,0,0,0,0,0
hubbske01,1962,1,0,0,0,0,0,0,1,0,0,0,0,0,0
hudsoor01,2005,0,0,0,0,0,0,0,1,0,0,0,0,0,0
hudsoor01,2006,0,0,0,0,0,0,0,1,0,0,0,0,0,0
hudsoor01,2007,0,0,0,0,0,0,0,1,0,0,0,0,0,0
hudsoor01,2009,0,0,0,0,0,0,0,1,0,0,0,0,0,0
hundlra01,1967,0,0,0,0,0,1,0,0,0,0,0,0,0,0
hunteca01,1974,0,0,1,0,0,0,0,0,0,0,0,0,0,0
hunteto01,2001,0,0,0,0,0,0,0,0,0,0,0,0,0,1
hunteto01,2002,0,0,0,0,0,0,0,0,0,0,0,0,0,1
hunteto01,2003,0,0,0,0,0,0,0,0,0,0,0,0,0,1
hunteto01,2004,0,0,0,0,0,0,0,0,0,0,0,0,0,1
hunteto01,2005,0,0,0,0,0,0,0,0,0,0,0,0,0,1
hunteto01,2006,0,0,0,0,0,0,0,0,0,0,0,0,0,1
hunteto01,2007,0,0,0,0,0,0,0,0,0,0,0,0,0,1
hunteto01,2008,0,0,0,0,0,0,0,0,0,0,0,0,0,1
hunteto01,2009,0,0,0,0,0,0,0,0,0,0,0,0,0,1
inciaen01,2016,0,0,0,0,0,0,0,0,0,0,0,0,0,1
inciaen01,2017,0,0,0,0,0,0,0,0,0,0,0,1,0,0
izturce01,2004,0,0,0,0,0,0,0,0,0,1,0,0,0,0
jacksre01,1973,0,1,0,0,0,0,0,0,0,0,0,0,0,0
jenkife01,1971,0,0,1,0,0,0,0,0,0,0,0,0,0,0
jennija01,2002,1,0,0,0,0,0,0,0,0,0,0,0,0,0
jenseja01,1958,0,1,0,0,0,0,0,0,0,0,0,0,0,0
jenseja01,1959,0,0,0,0,0,0,0,0,0,0,0,0,1,0
jeterde01,1996,1,0,0,0,0,0,0,0,0,0,0,0,0,0
jeterde01,2004,0,0,0,0,0,0,0,0,0,1,0,0,0,0
jeterde01,2005,0,0,0,0,0,0,0,0,0,1,0,0,0,0
jeterde01,2006,0,0,0,0,0,0,0,0,0,1,0,0,0,0
jeterde01,2009,0,0,0,0,0,0,0,0,0,1,0,0,0,0
jeterde01,2010,0,0,0,0,0,0,0,0,0,1,0,0,0,0
jethrsa01,1950,1,0,0,0,0,0,0,0,0,0,0,0,0,0
johnsch04,1995,0,0,0,0,0,1,0,0,0,0,0,0,0,0
johnsch04,1996,0,0,0,0,0,1,0,0,0,0,0,0,0,0
johnsch04,1997,0,0,0,0,0,1,0,0,0,0,0,0,0,0
johnsch04,1998,0,0,0,0,0,1,0,0,0,0,0,0,0,0
johnsda02,1969,0,0,0,0,0,0,0,1,0,0,0,0,0,0
johnsda02,1970,0,0,0,0,0,0,0,1,0,0,0,0,0,0
johnsda02,1971,0,0,0,0,0,0,0,1,0,0,0,0,0,0
johnsra05,1995,0,0,1,0,0,0,0,0,0,0,0,0,0,0
johnsra05,1999,0,0,1,0,0,0,0,0,0,0,0,0,0,0
johnsra05,2000,0,0,1,0,0,0,0,0,0,0,0,0,0,0
johnsra05,2001,0,0,1,0,0,0,0,0,0,0,0,0,0,0
johnsra05,2002,0,0,1,0,0,0,0,0,0,0,0,0,0,0
johnswa01,1913,0,1,0,0,0,0,0,0,0,0,0,0,0,0
johnswa01,1924,0,1,0,0,0,0,0,0,0,0,0,0,0,0
jonesad01,2009,0,0,0,0,0,0,0,0,0,0,0,0,0,1
jonesad01,2012,0,0,0,0,0,0,0,0,0,0,0,1,0,0
jonesad01,2013,0,0,0,0,0,0,0,0,0,0,0,1,0,0
jonesad01,2014,0,0,0,0,0,0,0,0,0,0,0,0,1,0
jonesan01,1998,0,0,0,0,0,0,0,0,0,0,0,0,0,1
jonesan01,1999,0,0,0,0,0,0,0,0,0,0,0,0,0,1
jonesan01,2000,0,0,0,0,0,0,0,0,0,0,0,0,0,1
jonesan01,2001,0,0,0,0,0,0,0,0,0,0,0,0,0,1
jonesan01,2002,0,0,0,0,0,0,0,0,0,0,0,0,0,1
jonesan01,2003,0,0,0,0,0,0,0,0,0,0,0,0,0,1
jonesan01,2004,0,0,0,0,0,0,0,0,0,0,0,0,0,1
jonesan01,2005,0,0,0,0,0,0,0,0,0,0,0,0,0,1
jonesan01,2006,0,0,0,0,0,0,0,0,0,0,0,0,0,1
jonesan01,2007,0,0,0,0,0,0,0,0,0,0,0,0,0,1
jonesch06,1999,0,1,0,0,0,0,0,0,0,0,0,0,0,0
jonesra01,1976,0,0,1,0,0,0,0,0,0,0,0,0,0,0
jorgemi01,1973,0,0,0,0,0,0,1,0,0,0,0,0,0,0
judgeaa01,2017,1,0,0,0,0,0,0,0,0,0,0,0,0,0
justida01,1990,1,0,0,0,0,0,0,0,0,0,0,0,0,0
kaatji01,1962,0,0,0,0,1,0,0,0,0,0,0,0,0,0
kaatji01,1963,0,0,0,0,1,0,0,0,0,0,0,0,0,0
kaatji01,1964,0,0,0,0,1,0,0,0,0,0,0,0,0,0
kaatji01,1965,0,0,0,0,1,0,0,0,0,0,0,0,0,0
kaatji01,1966,0,0,0,0,1,0,0,0,0,0,0,0,0,0
kaatji01,1967,0,0,0,0,1,0,0,0,0,0,0,0,0,0
kaatji01,1968,0,0,0,0,1,0,0,0,0,0,0,0,0,0
kaatji01,1969,0,0,0,0,1,0,0,0,0,0,0,0,0,0
kaatji01,1970,0,0,0,0,1,0,0,0,0,0,0,0,0,0
kaatji01,1971,0,0,0,0,1,0,0,0,0,0,0,0,0,0
kaatji01,1972,0,0,0,0,1,0,0,0,0,0,0,0,0,0
kaatji01,1973,0,0,0,0,1,0,0,0,0,0,0,0,0,0
kaatji01,1974,0,0,0,0,1,0,0,0,0,0,0,0,0,0
kaatji01,1975,0,0,0,0,1,0,0,0,0,0,0,0,0,0
kaatji01,1976,0,0,0,0,1,0,0,0,0,0,0,0,0,0
kaatji01,1977,0,0,0,0,1,0,0,0,0,0,0,0,0,0
kalinal01,1957,0,0,0,0,0,0,0,0,0,0,0,0,1,0
kalinal01,1958,0,0,0,0,0,0,0,0,0,0,0,0,1,0
kalinal01,1959,0,0,0,0,0,0,0,0,0,0,0,1,0,0
kalinal01,1961,0,0,0,0,0,0,0,0,0,0,0,0,0,1
kalinal01,1962,0,0,0,0,0,0,0,0,0,0,0,0,0,1
kalinal01,1963,0,0,0,0,0,0,0,0,0,0,0,0,0,1
kalinal01,1964,0,0,0,0,0,0,0,0,0,0,0,0,0,1
kalinal01,1965,0,0,0,0,0,0,0,0,0,0,0,0,0,1
kalinal01,1966,0,0,0,0,0,0,0,0,0,0,0,0,0,1
kalinal01,1967,0,0,0,0,0,0,0,0,0,0,0,0,0,1
karroer01,1992,1,0,0,0,0,0,0,0,0,0,0,0,0,0
kempma01,2009,0,0,0,0,0,0,0,0,0,0,0,0,0,1
kempma01,2011,0,0,0,0,0,0,0,0,0,0,0,1,0,0
kentje01,2000,0,1,0,0,0,0,0,0,0,0,0,0,0,0
kershcl01,2011,0,0,1,0,1,0,0,0,0,0,0,0,0,0
kershcl01,2013,0,0,1,0,0,0,0,0,0,0,0,0,0,0
kershcl01,2014,0,1,1,0,0,0,0,0,0,0,0,0,0,0
kessido01,1969,0,0,0,0,0,0,0,0,0,1,0,0,0,0
kessido01,1970,0,0,0,0,0,0,0,0,0,1,0,0,0,0
keuchda01,2014,0,0,0,0,1,0,0,0,0,0,0,0,0,0
keuchda01,2015,0,0,1,0,1,0,0,0,0,0,0,0,0,0
keuchda01,2016,0,0,0,0,1,0,0,0,0,0,0,0,0,0
kiermke01,2015,0,0,0,0,0,0,0,0,0,0,0,1,0,0
kiermke01,2016,0,0,0,0,0,0,0,0,0,0,0,0,0,1
killeha01,1969,0,1,0,0,0,0,0,0,0,0,0,0,0,0
kimbrcr01,2011,1,0,0,0,0,0,0,0,0,0,0,0,0,0
kinslia01,2016,0,0,0,0,0,0,0,1,0,0,0,0,0,0
kittlro01,1983,1,0,0,0,0,0,0,0,0,0,0,0,0,0
kleinch01,1932,0,1,0,0,0,0,0,0,0,0,0,0,0,0
kleinch01,1933,0,0,0,1,0,0,0,0,0,0,0,0,0,0
klubeco01,2014,0,0,1,0,0,0,0,0,0,0,0,0,0,0
klubeco01,2017,0,0,1,0,0,0,0,0,0,0,0,0,0,0
knoblch01,1991,1,0,0,0,0,0,0,0,0,0,0,0,0,0
knoblch01,1997,0,0,0,0,0,0,0,1,0,0,0,0,0,0
knoopbo01,1966,0,0,0,0,0,0,0,1,0,0,0,0,0,0
knoopbo01,1967,0,0,0,0,0,0,0,1,0,0,0,0,0,0
knoopbo01,1968,0,0,0,0,0,0,0,1,0,0,0,0,0,0
konstji01,1950,0,1,0,0,0,0,0,0,0,0,0,0,0,0
koufasa01,1963,0,1,1,0,0,0,0,0,0,0,0,0,0,0
koufasa01,1965,0,0,1,0,0,0,0,0,0,0,0,0,0,0
koufasa01,1966,0,0,1,0,0,0,0,0,0,0,0,0,0,0
kubekto01,1957,1,0,0,0,0,0,0,0,0,0,0,0,0,0
kuennha01,1953,1,0,0,0,0,0,0,0,0,0,0,0,0,0
lagarju01,2014,0,0,0,0,0,0,0,0,0,0,0,1,0,0
lajoina01,1901,0,0,0,1,0,0,0,0,0,0,0,0,0,0
landiji01,1960,0,0,0,0,0,0,0,0,0,0,0,1,0,0
landiji01,1961,0,0,0,0,0,0,0,0,0,0,0,0,0,1
landiji01,1962,0,0,0,0,0,0,0,0,0,0,0,0,0,1
landiji01,1963,0,0,0,0,0,0,0,0,0,0,0,0,0,1
landiji01,1964,0,0,0,0,0,0,0,0,0,0,0,0,0,1
langsma01,1987,0,0,0,0,1,0,0,0,0,0,0,0,0,0
langsma01,1988,0,0,0,0,1,0,0,0,0,0,0,0,0,0
langsma01,1991,0,0,0,0,1,0,0,0,0,0,0,0,0,0
langsma01,1992,0,0,0,0,1,0,0,0,0,0,0,0,0,0
langsma01,1993,0,0,0,0,1,0,0,0,0,0,0,0,0,0
langsma01,1994,0,0,0,0,1,0,0,0,0,0,0,0,0,0
langsma01,1995,0,0,0,0,1,0,0,0,0,0,0,0,0,0
larkiba01,1994,0,0,0,0,0,0,0,0,0,1,0,0,0,0
larkiba01,1995,0,1,0,0,0,0,0,0,0,1,0,0,0,0
larkiba01,1996,0,0,0,0,0,0,0,0,0,1,0,0,0,0
larocad01,2012,0,0,0,0,0,0,1,0,0,0,0,0,0,0
laryfr01,1961,0,0,0,0,1,0,0,0,0,0,0,0,0,0
lavalmi01,1987,0,0,0,0,0,1,0,0,0,0,0,0,0,0
lawve01,1960,0,0,1,0,0,0,0,0,0,0,0,0,0,0
leecl02,2008,0,0,1,0,0,0,0,0,0,0,0,0,0,0
leede02,2003,0,0,0,0,0,0,1,0,0,0,0,0,0,0
leede02,2005,0,0,0,0,0,0,1,0,0,0,0,0,0,0
leede02,2007,0,0,0,0,0,0,1,0,0,0,0,0,0,0
lefebji01,1965,1,0,0,0,0,0,0,0,0,0,0,0,0,0
lemahdj01,2014,0,0,0,0,0,0,0,1,0,0,0,0,0,0
lemahdj01,2017,0,0,0,0,0,0,0,1,0,0,0,0,0,0
lewisda01,1994,0,0,0,0,0,0,0,0,0,0,0,0,0,1
lezcasi01,1979,0,0,0,0,0,0,0,0,0,0,0,0,0,1
liebemi01,1999,0,0,0,0,0,1,0,0,0,0,0,0,0,0
linceti01,2008,0,0,1,0,0,0,0,0,0,0,0,0,0,0
linceti01,2009,0,0,1,0,0,0,0,0,0,0,0,0,0,0
lindjo01,1992,0,0,0,0,0,0,0,1,0,0,0,0,0,0
lindofr01,2016,0,0,0,0,0,0,0,0,0,1,0,0,0,0
listapa01,1992,1,0,0,0,0,0,0,0,0,0,0,0,0,0
loftoke01,1993,0,0,0,0,0,0,0,0,0,0,0,0,0,1
loftoke01,1994,0,0,0,0,0,0,0,0,0,0,0,0,0,1
loftoke01,1995,0,0,0,0,0,0,0,0,0,0,0,0,0,1
loftoke01,1996,0,0,0,0,0,0,0,0,0,0,0,0,0,1
lollash01,1957,0,0,0,0,0,1,0,0,0,0,0,0,0,0
lollash01,1958,0,0,0,0,0,1,0,0,0,0,0,0,0,0
lollash01,1959,0,0,0,0,0,1,0,0,0,0,0,0,0,0
lombaer01,1938,0,1,0,0,0,0,0,0,0,0,0,0,0,0
lonboji01,1967,0,0,1,0,0,0,0,0,0,0,0,0,0,0
longoev01,2008,1,0,0,0,0,0,0,0,0,0,0,0,0,0
longoev01,2009,0,0,0,0,0,0,0,0,1,0,0,0,0,0
longoev01,2010,0,0,0,0,0,0,0,0,1,0,0,0,0,0
longoev01,2017,0,0,0,0,0,0,0,0,1,0,0,0,0,0
lopesda01,1978,0,0,0,0,0,0,0,1,0,0,0,0,0,0
lowelmi01,2005,0,0,0,0,0,0,0,0,1,0,0,0,0,0
lylesp01,1977,0,0,1,0,0,0,0,0,0,0,0,0,0,0
lynnfr01,1975,1,1,0,0,0,0,0,0,0,0,0,0,0,1
lynnfr01,1978,0,0,0,0,0,0,0,0,0,0,0,0,0,1
lynnfr01,1979,0,0,0,0,0,0,0,0,0,0,0,0,0,1
lynnfr01,1980,0,0,0,0,0,0,0,0,0,0,0,0,0,1
machama01,2013,0,0,0,0,0,0,0,0,1,0,0,0,0,0
machama01,2015,0,0,0,0,0,0,0,0,1,0,0,0,0,0
maddoga01,1975,0,0,0,0,0,0,0,0,0,0,0,0,0,1
maddoga01,1976,0,0,0,0,0,0,0,0,0,0,0,0,0,1
maddoga01,1977,0,0,0,0,0,0,0,0,0,0,0,0,0,1
maddoga01,1978,0,0,0,0,0,0,0,0,0,0,0,0,0,1
maddoga01,1979,0,0,0,0,0,0,0,0,0,0,0,0,0,1
maddoga01,1980,0,0,0,0,0,0,0,0,0,0,0,0,0,1
maddoga01,1981,0,0,0,0,0,0,0,0,0,0,0,0,0,1
maddoga01,1982,0,0,0,0,0,0,0,0,0,0,0,0,0,1
maddugr01,1990,0,0,0,0,1,0,0,0,0,0,0,0,0,0
maddugr01,1991,0,0,0,0,1,0,0,0,0,0,0,0,0,0
maddugr01,1992,0,0,1,0,1,0,0,0,0,0,0,0,0,0
maddugr01,1993,0,0,1,0,1,0,0,0,0,0,0,0,0,0
maddugr01,1994,0,0,1,0,1,0,0,0,0,0,0,0,0,0
maddugr01,1995,0,0,1,0,1,0,0,0,0,0,0,0,0,0
maddugr01,1996,0,0,0,0,1,0,0,0,0,0,0,0,0,0
maddugr01,1997,0,0,0,0,1,0,0,0,0,0,0,0,0,0
maddugr01,1998,0,0,0,0,1,0,0,0,0,0,0,0,0,0
maddugr01,1999,0,0,0,0,1,0,0,0,0,0,0,0,0,0
maddugr01,2000,0,0,0,0,1,0,0,0,0,0,0,0,0,0
maddugr01,2001,0,0,0,0,1,0,0,0,0,0,0,0,0,0
maddugr01,2002,0,0,0,0,1,0,0,0,0,0,0,0,0,0
maddugr01,2004,0,0,0,0,1,0,0,0,0,0,0,0,0,0
maddugr01,2005,0,0,0,0,1,0,0,0,0,0,0,0,0,0
maddugr01,2006,0,0,0,0,1,0,0,0,0,0,0,0,0,0
maddugr01,2007,0,0,0,0,1,0,0,0,0,0,0,0,0,0
maddugr01,2008,0,0,0,0,1,0,0,0,0,0,0,0,0,0
maldoma01,2017,0,0,0,0,0,1,0,0,0,0,0,0,0,0
malzofr01,1957,0,0,0,0,0,0,0,0,1,0,0,0,0,0
malzofr01,1958,0,0,0,0,0,0,0,0,1,0,0,0,0,0
malzofr01,1959,0,0,0,0,0,0,0,0,1,0,0,0,0,0
manniri01,1976,0,0,0,0,0,0,0,0,0,0,0,0,0,1
mantlmi01,1956,0,1,0,1,0,0,0,0,0,0,0,0,0,0
mantlmi01,1957,0,1,0,0,0,0,0,0,0,0,0,0,0,0
mantlmi01,1962,0,1,0,0,0,0,0,0,0,0,0,0,0,1
manwaki01,1993,0,0,0,0,0,1,0,0,0,0,0,0,0,0
marioma01,1944,0,1,0,0,0,0,0,0,0,0,0,0,0,0
marisro01,1960,0,1,0,0,0,0,0,0,0,0,0,0,1,0
marisro01,1961,0,1,0,0,0,0,0,0,0,0,0,0,0,0
markani01,2011,0,0,0,0,0,0,0,0,0,0,0,0,1,0
markani01,2014,0,0,0,0,0,0,0,0,0,0,0,1,0,0
marshmi01,1974,0,0,1,0,0,0,0,0,0,0,0,0,0,0
martest01,2015,0,0,0,0,0,0,0,0,0,0,1,0,0,0
martest01,2016,0,0,0,0,0,0,0,0,0,0,0,0,0,1
martipe02,1997,0,0,1,0,0,0,0,0,0,0,0,0,0,0
martipe02,1999,0,0,1,0,0,0,0,0,0,0,0,0,0,0
martipe02,2000,0,0,1,0,0,0,0,0,0,0,0,0,0,0
martiru01,2007,0,0,0,0,0,1,0,0,0,0,0,0,0,0
mathemi01,2000,0,0,0,0,0,1,0,0,0,0,0,0,0,0
mathemi01,2003,0,0,0,0,0,1,0,0,0,0,0,0,0,0
mathemi01,2004,0,0,0,0,0,1,0,0,0,0,0,0,0,0
mathemi01,2005,0,0,0,0,0,1,0,0,0,0,0,0,0,0
matlajo01,1972,1,0,0,0,0,0,0,0,0,0,0,0,0,0
matthga01,1973,1,0,0,0,0,0,0,0,0,0,0,0,0,0
mattido01,1985,0,1,0,0,0,0,1,0,0,0,0,0,0,0
mattido01,1986,0,0,0,0,0,0,1,0,0,0,0,0,0,0
mattido01,1987,0,0,0,0,0,0,1,0,0,0,0,0,0,0
mattido01,1988,0,0,0,0,0,0,1,0,0,0,0,0,0,0
mattido01,1989,0,0,0,0,0,0,1,0,0,0,0,0,0,0
mattido01,1991,0,0,0,0,0,0,1,0,0,0,0,0,0,0
mattido01,1992,0,0,0,0,0,0,1,0,0,0,0,0,0,0
mattido01,1993,0,0,0,0,0,0,1,0,0,0,0,0,0,0
mattido01,1994,0,0,0,0,0,0,1,0,0,0,0,0,0,0
mauerjo01,2008,0,0,0,0,0,1,0,0,0,0,0,0,0,0
mauerjo01,2009,0,1,0,0,0,1,0,0,0,0,0,0,0,0
mauerjo01,2010,0,0,0,0,0,1,0,0,0,0,0,0,0,0
maxvida01,1968,0,0,0,0,0,0,0,0,0,1,0,0,0,0
mayswi01,1951,1,0,0,0,0,0,0,0,0,0,0,0,0,0
mayswi01,1954,0,1,0,0,0,0,0,0,0,0,0,0,0,0
mayswi01,1957,0,0,0,0,0,0,0,0,0,0,0,1,0,0
mayswi01,1958,0,0,0,0,0,0,0,0,0,0,0,1,0,0
mayswi01,1959,0,0,0,0,0,0,0,0,0,0,0,1,0,0
mayswi01,1960,0,0,0,0,0,0,0,0,0,0,0,1,0,0
mayswi01,1961,0,0,0,0,0,0,0,0,0,0,0,0,0,1
mayswi01,1962,0,0,0,0,0,0,0,0,0,0,0,0,0,1
mayswi01,1963,0,0,0,0,0,0,0,0,0,0,0,0,0,1
mayswi01,1964,0,0,0,0,0,0,0,0,0,0,0,0,0,1
mayswi01,1965,0,1,0,0,0,0,0,0,0,0,0,0,0,1
mayswi01,1966,0,0,0,0,0,0,0,0,0,0,0,0,0,1
mayswi01,1967,0,0,0,0,0,0,0,0,0,0,0,0,0,1
mayswi01,1968,0,0,0,0,0,0,0,0,0,0,0,0,0,1
mazerbi01,1958,0,0,0,0,0,0,0,1,0,0,0,0,0,0
mazerbi01,1960,0,0,0,0,0,0,0,1,0,0,0,0,0,0
mazerbi01,1961,0,0,0,0,0,0,0,1,0,0,0,0,0,0
mazerbi01,1963,0,0,0,0,0,0,0,1,0,0,0,0,0,0
mazerbi01,1964,0,0,0,0,0,0,0,1,0,0,0,0,0,0
mazerbi01,1965,0,0,0,0,0,0,0,1,0,0,0,0,0,0
mazerbi01,1966,0,0,0,0,0,0,0,1,0,0,0,0,0,0
mazerbi01,1967,0,0,0,0,0,0,0,1,0,0,0,0,0,0
mcbriba01,1974,1,0,0,0,0,0,0,0,0,0,0,0,0,0
mccorfr01,1940,0,1,0,0,0,0,0,0,0,0,0,0,0,0
mccormi03,1967,0,0,1,0,0,0,0,0,0,0,0,0,0,0
mccovwi01,1959,1,0,0,0,0,0,0,0,0,0,0,0,0,0
mccovwi01,1969,0,1,0,0,0,0,0,0,0,0,0,0,0,0
mccutan01,2012,0,0,0,0,0,0,0,0,0,0,0,1,0,0
mccutan01,2013,0,1,0,0,0,0,0,0,0,0,0,0,0,0
mcdougi01,1951,1,0,0,0,0,0,0,0,0,0,0,0,0,0
mcdowja01,1993,0,0,1,0,0,0,0,0,0,0,0,0,0,0
mcgeewi01,1983,0,0,0,0,0,0,0,0,0,0,0,0,0,1
mcgeewi01,1985,0,1,0,0,0,0,0,0,0,0,0,0,0,1
mcgeewi01,1986,0,0,0,0,0,0,0,0,0,0,0,0,0,1
mcgwima01,1987,1,0,0,0,0,0,0,0,0,0,0,0,0,0
mcgwima01,1990,0,0,0,0,0,0,1,0,0,0,0,0,0,0
mclaide01,1968,0,1,1,0,0,0,0,0,0,0,0,0,0,0
mclaide01,1969,0,0,1,0,0,0,0,0,0,0,0,0,0,0
mclouna01,2008,0,0,0,0,0,0,0,0,0,0,0,0,0,1
mcmilro01,1957,0,0,0,0,0,0,0,0,0,1,0,0,0,0
mcmilro01,1958,0,0,0,0,0,0,0,0,0,1,0,0,0,0
mcmilro01,1959,0,0,0,0,0,0,0,0,0,1,0,0,0,0
medwijo01,1937,0,1,0,1,0,0,0,0,0,0,0,0,0,0
messean01,1974,0,0,0,0,1,0,0,0,0,0,0,0,0,0
messean01,1975,0,0,0,0,1,0,0,0,0,0,0,0,0,0
metzgbu01,1976,1,0,0,0,0,0,0,0,0,0,0,0,0,0
metzgro01,1973,0,0,0,0,0,0,0,0,0,1,0,0,0,0
mientdo01,2001,0,0,0,0,0,0,1,0,0,0,0,0,0,0
millafe01,1969,0,0,0,0,0,0,0,1,0,0,0,0,0,0
millafe01,1972,0,0,0,0,0,0,0,1,0,0,0,0,0,0
milleri01,1978,0,0,0,0,0,0,0,0,0,0,0,0,0,1
minosmi01,1957,0,0,0,0,0,0,0,0,0,0,1,0,0,0
minosmi01,1959,0,0,0,0,0,0,0,0,0,0,1,0,0,0
minosmi01,1960,0,0,0,0,0,0,0,0,0,0,1,0,0,0
mitchke01,1989,0,1,0,0,0,0,0,0,0,0,0,0,0,0
molinbe01,2002,0,0,0,0,0,1,0,0,0,0,0,0,0,0
molinbe01,2003,0,0,0,0,0,1,0,0,0,0,0,0,0,0
molinya01,2008,0,0,0,0,0,1,0,0,0,0,0,0,0,0
molinya01,2009,0,0,0,0,0,1,0,0,0,0,0,0,0,0
molinya01,2010,0,0,0,0,0,1,0,0,0,0,0,0,0,0
molinya01,2011,0,0,0,0,0,1,0,0,0,0,0,0,0,0
molinya01,2012,0,0,0,0,0,1,0,0,0,0,0,0,0,0
molinya01,2013,0,0,0,0,0,1,0,0,0,0,0,0,0,0
molinya01,2014,0,0,0,0,0,1,0,0,0,0,0,0,0,0
molinya01,2015,0,0,0,0,0,1,0,0,0,0,0,0,0,0
mondera01,1994,1,0,0,0,0,0,0,0,0,0,0,0,0,0
mondera01,1995,0,0,0,0,0,0,0,0,0,0,0,0,0,1
mondera01,1997,0,0,0,0,0,0,0,0,0,0,0,0,0,1
montejo01,1975,1,0,0,0,0,0,0,0,0,0,0,0,0,0
moonwa01,1954,1,0,0,0,0,0,0,0,0,0,0,0,0,0
moonwa01,1960,0,0,0,0,0,0,0,0,0,0,1,0,0,0
morelmi01,2016,0,0,0,0,0,0,1,0,0,0,0,0,0,0
morgajo02,1973,0,0,0,0,0,0,0,1,0,0,0,0,0,0
morgajo02,1974,0,0,0,0,0,0,0,1,0,0,0,0,0,0
morgajo02,1975,0,1,0,0,0,0,0,1,0,0,0,0,0,0
morgajo02,1976,0,1,0,0,0,0,0,1,0,0,0,0,0,0
morgajo02,1977,0,0,0,0,0,0,0,1,0,0,0,0,0,0
morneju01,2006,0,1,0,0,0,0,0,0,0,0,0,0,0,0
mortoca01,1970,1,0,0,0,0,0,0,0,0,0,0,0,0,0
munsoth01,1970,1,0,0,0,0,0,0,0,0,0,0,0,0,0
munsoth01,1973,0,0,0,0,0,1,0,0,0,0,0,0,0,0
munsoth01,1974,0,0,0,0,0,1,0,0,0,0,0,0,0,0
munsoth01,1975,0,0,0,0,0,1,0,0,0,0,0,0,0,0
munsoth01,1976,0,1,0,0,0,0,0,0,0,0,0,0,0,0
murcebo01,1972,0,0,0,0,0,0,0,0,0,0,0,0,0,1
murphda05,1982,0,1,0,0,0,0,0,0,0,0,0,0,0,1
murphda05,1983,0,1,0,0,0,0,0,0,0,0,0,0,0,1
murphda05,1984,0,0,0,0,0,0,0,0,0,0,0,0,0,1
murphda05,1985,0,0,0,0,0,0,0,0,0,0,0,0,0,1
murphda05,1986,0,0,0,0,0,0,0,0,0,0,0,0,0,1
murphdw01,1980,0,0,0,0,0,0,0,0,0,0,0,0,0,1
murphdw01,1981,0,0,0,0,0,0,0,0,0,0,0,0,0,1
murphdw01,1982,0,0,0,0,0,0,0,0,0,0,0,0,0,1
murphdw01,1983,0,0,0,0,0,0,0,0,0,0,0,0,0,1
murphdw01,1984,0,0,0,0,0,0,0,0,0,0,0,0,0,1
murphdw01,1985,0,0,0,0,0,0,0,0,0,0,0,0,0,1
murraed02,1977,1,0,0,0,0,0,0,0,0,0,0,0,0,0
murraed02,1982,0,0,0,0,0,0,1,0,0,0,0,0,0,0
murraed02,1983,0,0,0,0,0,0,1,0,0,0,0,0,0,0
murraed02,1984,0,0,0,0,0,0,1,0,0,0,0,0,0,0
musiast01,1943,0,1,0,0,0,0,0,0,0,0,0,0,0,0
musiast01,1946,0,1,0,0,0,0,0,0,0,0,0,0,0,0
musiast01,1948,0,1,0,0,0,0,0,0,0,0,0,0,0,0
mussimi01,1996,0,0,0,0,1,0,0,0,0,0,0,0,0,0
mussimi01,1997,0,0,0,0,1,0,0,0,0,0,0,0,0,0
mussimi01,1998,0,0,0,0,1,0,0,0,0,0,0,0,0,0
mussimi01,1999,0,0,0,0,1,0,0,0,0,0,0,0,0,0
mussimi01,2001,0,0,0,0,1,0,0,0,0,0,0,0,0,0
mussimi01,2003,0,0,0,0,1,0,0,0,0,0,0,0,0,0
mussimi01,2008,0,0,0,0,1,0,0,0,0,0,0,0,0,0
myerswi01,2013,1,0,0,0,0,0,0,0,0,0,0,0,0,0
nealch01,1959,0,0,0,0,0,0,0,1,0,0,0,0,0,0
nettlgr01,1977,0,0,0,0,0,0,0,0,1,0,0,0,0,0
nettlgr01,1978,0,0,0,0,0,0,0,0,1,0,0,0,0,0
newcodo01,1949,1,0,0,0,0,0,0,0,0,0,0,0,0,0
newcodo01,1956,0,1,1,0,0,0,0,0,0,0,0,0,0,0
newhoha01,1944,0,1,0,0,0,0,0,0,0,0,0,0,0,0
newhoha01,1945,0,1,0,0,0,0,0,0,0,0,0,0,0,0
niekrph01,1978,0,0,0,0,1,0,0,0,0,0,0,0,0,0
niekrph01,1979,0,0,0,0,1,0,0,0,0,0,0,0,0,0
niekrph01,1980,0,0,0,0,1,0,0,0,0,0,0,0,0,0
niekrph01,1982,0,0,0,0,1,0,0,0,0,0,0,0,0,0
niekrph01,1983,0,0,0,0,1,0,0,0,0,0,0,0,0,0
nomohi01,1995,1,0,0,0,0,0,0,0,0,0,0,0,0,0
norrimi01,1980,0,0,0,0,1,0,0,0,0,0,0,0,0,0
norrimi01,1981,0,0,0,0,1,0,0,0,0,0,0,0,0,0
ofarrbo01,1926,0,1,0,0,0,0,0,0,0,0,0,0,0,0
olerujo01,2000,0,0,0,0,0,0,1,0,0,0,0,0,0,0
olerujo01,2002,0,0,0,0,0,0,1,0,0,0,0,0,0,0
olerujo01,2003,0,0,0,0,0,0,1,0,0,0,0,0,0,0
olivato01,1964,1,0,0,0,0,0,0,0,0,0,0,0,0,0
olivato01,1966,0,0,0,0,0,0,0,0,0,0,0,0,0,1
olsongr01,1989,1,0,0,0,0,0,0,0,0,0,0,0,0,0
oneilti01,1887,0,0,0,1,0,0,0,0,0,0,0,0,0,0
ordonre01,1997,0,0,0,0,0,0,0,0,0,1,0,0,0,0
ordonre01,1998,0,0,0,0,0,0,0,0,0,1,0,0,0,0
ordonre01,1999,0,0,0,0,0,0,0,0,0,1,0,0,0,0
otisam01,1971,0,0,0,0,0,0,0,0,0,0,0,0,0,1
otisam01,1973,0,0,0,0,0,0,0,0,0,0,0,0,0,1
otisam01,1974,0,0,0,0,0,0,0,0,0,0,0,0,0,1
ozunama01,2017,0,0,0,0,0,0,0,0,0,0,1,0,0,0
pagnoto01,1991,0,0,0,0,0,1,0,0,0,0,0,0,0,0
pagnoto01,1992,0,0,0,0,0,1,0,0,0,0,0,0,0,0
pagnoto01,1994,0,0,0,0,0,1,0,0,0,0,0,0,0,0
palmeji01,1973,0,0,1,0,0,0,0,0,0,0,0,0,0,0
palmeji01,1975,0,0,1,0,0,0,0,0,0,0,0,0,0,0
palmeji01,1976,0,0,1,0,1,0,0,0,0,0,0,0,0,0
palmeji01,1977,0,0,0,0,1,0,0,0,0,0,0,0,0,0
palmeji01,1978,0,0,0,0,1,0,0,0,0,0,0,0,0,0
palmeji01,1979,0,0,0,0,1,0,0,0,0,0,0,0,0,0
palmera01,1997,0,0,0,0,0,0,1,0,0,0,0,0,0,0
palmera01,1998,0,0,0,0,0,0,1,0,0,0,0,0,0,0
palmera01,1999,0,0,0,0,0,0,1,0,0,0,0,0,0,0
panikjo01,2016,0,0,0,0,0,0,0,1,0,0,0,0,0,0
parkeda01,1977,0,0,0,0,0,0,0,0,0,0,0,0,0,1
parkeda01,1978,0,1,0,0,0,0,0,0,0,0,0,0,0,1
parkeda01,1979,0,0,0,0,0,0,0,0,0,0,0,0,0,1
parkewe01,1967,0,0,0,0,0,0,1,0,0,0,0,0,0,0
parkewe01,1968,0,0,0,0,0,0,1,0,0,0,0,0,0,0
parkewe01,1969,0,0,0,0,0,0,1,0,0,0,0,0,0,0
parkewe01,1970,0,0,0,0,0,0,1,0,0,0,0,0,0,0
parkewe01,1971,0,0,0,0,0,0,1,0,0,0,0,0,0,0
parkewe01,1972,0,0,0,0,0,0,1,0,0,0,0,0,0,0
parrage01,2011,0,0,0,0,0,0,0,0,0,0,1,0,0,0
parrage01,2013,0,0,0,0,0,0,0,0,0,0,0,0,1,0
parrila02,1983,0,0,0,0,0,1,0,0,0,0,0,0,0,0
parrila02,1984,0,0,0,0,0,1,0,0,0,0,0,0,0,0
parrila02,1985,0,0,0,0,0,1,0,0,0,0,0,0,0,0
pearsal02,1958,1,0,0,0,0,0,0,0,0,0,0,0,0,0
peavyja01,2007,0,0,1,0,0,0,0,0,0,0,0,0,0,0
peckiro01,1925,0,1,0,0,0,0,0,0,0,0,0,0,0,0
pedrodu01,2007,1,0,0,0,0,0,0,0,0,0,0,0,0,0
pedrodu01,2008,0,1,0,0,0,0,0,1,0,0,0,0,0,0
pedrodu01,2011,0,0,0,0,0,0,0,1,0,0,0,0,0,0
pedrodu01,2013,0,0,0,0,0,0,0,1,0,0,0,0,0,0
pedrodu01,2014,0,0,0,0,0,0,0,1,0,0,0,0,0,0
penaca01,2008,0,0,0,0,0,0,1,0,0,0,0,0,0,0
penato01,1983,0,0,0,0,0,1,0,0,0,0,0,0,0,0
penato01,1984,0,0,0,0,0,1,0,0,0,0,0,0,0,0
penato01,1985,0,0,0,0,0,1,0,0,0,0,0,0,0,0
penato01,1991,0,0,0,0,0,1,0,0,0,0,0,0,0,0
pendlte01,1987,0,0,0,0,0,0,0,0,1,0,0,0,0,0
pendlte01,1989,0,0,0,0,0,0,0,0,1,0,0,0,0,0
pendlte01,1991,0,1,0,0,0,0,0,0,0,0,0,0,0,0
pendlte01,1992,0,0,0,0,0,0,0,0,1,0,0,0,0,0
pepitjo01,1965,0,0,0,0,0,0,1,0,0,0,0,0,0,0
pepitjo01,1966,0,0,0,0,0,0,1,0,0,0,0,0,0,0
pepitjo01,1969,0,0,0,0,0,0,1,0,0,0,0,0,0,0
perezne01,2000,0,0,0,0,0,0,0,0,0,1,0,0,0,0
perezsa02,2013,0,0,0,0,0,1,0,0,0,0,0,0,0,0
perezsa02,2014,0,0,0,0,0,1,0,0,0,0,0,0,0,0
perezsa02,2015,0,0,0,0,0,1,0,0,0,0,0,0,0,0
perezsa02,2016,0,0,0,0,0,1,0,0,0,0,0,0,0,0
perryga01,1972,0,0,1,0,0,0,0,0,0,0,0,0,0,0
perryga01,1978,0,0,1,0,0,0,0,0,0,0,0,0,0,0
perryji01,1970,0,0,1,0,0,0,0,0,0,0,0,0,0,0
peterga01,1963,1,0,0,0,0,0,0,0,0,0,0,0,0,0
pettiga01,1985,0,0,0,0,0,0,0,0,0,0,0,0,0,1
pettiga01,1986,0,0,0,0,0,0,0,0,0,0,0,0,0,1
pettiga01,1988,0,0,0,0,0,0,0,0,0,0,0,0,0,1
pettiga01,1989,0,0,0,0,0,0,0,0,0,0,0,0,0,1
pettiga01,1990,0,0,0,0,0,0,0,0,0,0,0,0,0,1
phillbr01,2008,0,0,0,0,0,0,0,1,0,0,0,0,0,0
phillbr01,2010,0,0,0,0,0,0,0,1,0,0,0,0,0,0
phillbr01,2011,0,0,0,0,0,0,0,1,0,0,0,0,0,0
phillbr01,2013,0,0,0,0,0,0,0,1,0,0,0,0,0,0
piazzmi01,1993,1,0,0,0,0,0,0,0,0,0,0,0,0,0
piersji01,1958,0,0,0,0,0,0,0,0,0,0,0,1,0,0
piersji01,1961,0,0,0,0,0,0,0,0,0,0,0,0,0,1
pinielo01,1969,1,0,0,0,0,0,0,0,0,0,0,0,0,0
pinsova01,1961,0,0,0,0,0,0,0,0,0,0,0,0,0,1
polanpl01,2007,0,0,0,0,0,0,0,1,0,0,0,0,0,0
polanpl01,2009,0,0,0,0,0,0,0,1,0,0,0,0,0,0
polanpl01,2011,0,0,0,0,0,0,0,0,1,0,0,0,0,0
polloaj01,2015,0,0,0,0,0,0,0,0,0,0,0,1,0,0
porceri01,2016,0,0,1,0,0,0,0,0,0,0,0,0,0,0
poseybu01,2010,1,0,0,0,0,0,0,0,0,0,0,0,0,0
poseybu01,2012,0,1,0,0,0,0,0,0,0,0,0,0,0,0
poseybu01,2016,0,0,0,0,0,1,0,0,0,0,0,0,0,0
powelbo01,1970,0,1,0,0,0,0,0,0,0,0,0,0,0,0
powervi01,1958,0,0,0,0,0,0,1,0,0,0,0,0,0,0
powervi01,1959,0,0,0,0,0,0,1,0,0,0,0,0,0,0
powervi01,1960,0,0,0,0,0,0,1,0,0,0,0,0,0,0
powervi01,1961,0,0,0,0,0,0,1,0,0,0,0,0,0,0
powervi01,1962,0,0,0,0,0,0,1,0,0,0,0,0,0,0
powervi01,1963,0,0,0,0,0,0,1,0,0,0,0,0,0,0
powervi01,1964,0,0,0,0,0,0,1,0,0,0,0,0,0,0
priceda01,2012,0,0,1,0,0,0,0,0,0,0,0,0,0,0
puckeki01,1986,0,0,0,0,0,0,0,0,0,0,0,0,0,1
puckeki01,1987,0,0,0,0,0,0,0,0,0,0,0,0,0,1
puckeki01,1988,0,0,0,0,0,0,0,0,0,0,0,0,0,1
puckeki01,1989,0,0,0,0,0,0,0,0,0,0,0,0,0,1
puckeki01,1991,0,0,0,0,0,0,0,0,0,0,0,0,0,1
puckeki01,1992,0,0,0,0,0,0,0,0,0,0,0,0,0,1
pujolal01,2001,1,0,0,0,0,0,0,0,0,0,0,0,0,0
pujolal01,2005,0,1,0,0,0,0,0,0,0,0,0,0,0,0
pujolal01,2006,0,0,0,0,0,0,1,0,0,0,0,0,0,0
pujolal01,2008,0,1,0,0,0,0,0,0,0,0,0,0,0,0
pujolal01,2009,0,1,0,0,0,0,0,0,0,0,0,0,0,0
pujolal01,2010,0,0,0,0,0,0,1,0,0,0,0,0,0,0
raderdo02,1970,0,0,0,0,0,0,0,0,1,0,0,0,0,0
raderdo02,1971,0,0,0,0,0,0,0,0,1,0,0,0,0,0
raderdo02,1972,0,0,0,0,0,0,0,0,1,0,0,0,0,0
raderdo02,1973,0,0,0,0,0,0,0,0,1,0,0,0,0,0
raderdo02,1974,0,0,0,0,0,0,0,0,1,0,0,0,0,0
ramirha01,2006,1,0,0,0,0,0,0,0,0,0,0,0,0,0
reddijo01,2012,0,0,0,0,0,0,0,0,0,0,0,0,1,0
reesepo01,1999,0,0,0,0,0,0,0,1,0,0,0,0,0,0
reesepo01,2000,0,0,0,0,0,0,0,1,0,0,0,0,0,0
reitzke01,1975,0,0,0,0,0,0,0,0,1,0,0,0,0,0
renteed01,2002,0,0,0,0,0,0,0,0,0,1,0,0,0,0
renteed01,2003,0,0,0,0,0,0,0,0,0,1,0,0,0,0
reuscri01,1985,0,0,0,0,1,0,0,0,0,0,0,0,0,0
reuscri01,1987,0,0,0,0,1,0,0,0,0,0,0,0,0,0
reynoha01,1988,0,0,0,0,0,0,0,1,0,0,0,0,0,0
reynoha01,1989,0,0,0,0,0,0,0,1,0,0,0,0,0,0
reynoha01,1990,0,0,0,0,0,0,0,1,0,0,0,0,0,0
riceji01,1978,0,1,0,0,0,0,0,0,0,0,0,0,0,0
richabo01,1961,0,0,0,0,0,0,0,1,0,0,0,0,0,0
richabo01,1962,0,0,0,0,0,0,0,1,0,0,0,0,0,0
richabo01,1963,0,0,0,0,0,0,0,1,0,0,0,0,0,0
richabo01,1964,0,0,0,0,0,0,0,1,0,0,0,0,0,0
richabo01,1965,0,0,0,0,0,0,0,1,0,0,0,0,0,0
righeda01,1981,1,0,0,0,0,0,0,0,0,0,0,0,0,0
ripkeca01,1982,1,0,0,0,0,0,0,0,0,0,0,0,0,0
ripkeca01,1983,0,1,0,0,0,0,0,0,0,0,0,0,0,0
ripkeca01,1991,0,1,0,0,0,0,0,0,0,1,0,0,0,0
ripkeca01,1992,0,0,0,0,0,0,0,0,0,1,0,0,0,0
rizzoan01,2016,0,0,0,0,0,0,1,0,0,0,0,0,0,0
rizzuph01,1950,0,1,0,0,0,0,0,0,0,0,0,0,0,0
robinbr01,1960,0,0,0,0,0,0,0,0,1,0,0,0,0,0
robinbr01,1961,0,0,0,0,0,0,0,0,1,0,0,0,0,0
robinbr01,1962,0,0,0,0,0,0,0,0,1,0,0,0,0,0
robinbr01,1963,0,0,0,0,0,0,0,0,1,0,0,0,0,0
robinbr01,1964,0,1,0,0,0,0,0,0,1,0,0,0,0,0
robinbr01,1965,0,0,0,0,0,0,0,0,1,0,0,0,0,0
robinbr01,1966,0,0,0,0,0,0,0,0,1,0,0,0,0,0
robinbr01,1967,0,0,0,0,0,0,0,0,1,0,0,0,0,0
robinbr01,1968,0,0,0,0,0,0,0,0,1,0,0,0,0,0
robinbr01,1969,0,0,0,0,0,0,0,0,1,0,0,0,0,0
robinbr01,1970,0,0,0,0,0,0,0,0,1,0,0,0,0,0
robinbr01,1971,0,0,0,0,0,0,0,0,1,0,0,0,0,0
robinbr01,1972,0,0,0,0,0,0,0,0,1,0,0,0,0,0
robinbr01,1973,0,0,0,0,0,0,0,0,1,0,0,0,0,0
robinbr01,1974,0,0,0,0,0,0,0,0,1,0,0,0,0,0
robinbr01,1975,0,0,0,0,0,0,0,0,1,0,0,0,0,0
robinfr02,1956,1,0,0,0,0,0,0,0,0,0,0,0,0,0
robinfr02,1958,0,0,0,0,0,0,0,0,0,0,1,0,0,0
robinfr02,1961,0,1,0,0,0,0,0,0,0,0,0,0,0,0
robinfr02,1966,0,1,0,1,0,0,0,0,0,0,0,0,0,0
robinja02,1947,1,0,0,0,0,0,0,0,0,0,0,0,0,0
robinja02,1949,0,1,0,0,0,0,0,0,0,0,0,0,0,0
rodrial01,2002,0,0,0,0,0,0,0,0,0,1,0,0,0,0
rodrial01,2003,0,1,0,0,0,0,0,0,0,1,0,0,0,0
rodrial01,2005,0,1,0,0,0,0,0,0,0,0,0,0,0,0
rodrial01,2007,0,1,0,0,0,0,0,0,0,0,0,0,0,0
rodriau01,1976,0,0,0,0,0,0,0,0,1,0,0,0,0,0
rodriiv01,1992,0,0,0,0,0,1,0,0,0,0,0,0,0,0
rodriiv01,1993,0,0,0,0,0,1,0,0,0,0,0,0,0,0
rodriiv01,1994,0,0,0,0,0,1,0,0,0,0,0,0,0,0
rodriiv01,1995,0,0,0,0,0,1,0,0,0,0,0,0,0,0
rodriiv01,1996,0,0,0,0,0,1,0,0,0,0,0,0,0,0
rodriiv01,1997,0,0,0,0,0,1,0,0,0,0,0,0,0,0
rodriiv01,1998,0,0,0,0,0,1,0,0,0,0,0,0,0,0
rodriiv01,1999,0,1,0,0,0,1,0,0,0,0,0,0,0,0
rodriiv01,2000,0,0,0,0,0,1,0,0,0,0,0,0,0,0
rodriiv01,2001,0,0,0,0,0,1,0,0,0,0,0,0,0,0
rodriiv01,2004,0,0,0,0,0,1,0,0,0,0,0,0,0,0
rodriiv01,2006,0,0,0,0,0,1,0,0,0,0,0,0,0,0
rodriiv01,2007,0,0,0,0,0,1,0,0,0,0,0,0,0,0
rogerke01,2000,0,0,0,0,1,0,0,0,0,0,0,0,0,0
rogerke01,2002,0,0,0,0,1,0,0,0,0,0,0,0,0,0
rogerke01,2004,0,0,0,0,1,0,0,0,0,0,0,0,0,0
rogerke01,2005,0,0,0,0,1,0,0,0,0,0,0,0,0,0
rogerke01,2006,0,0,0,0,1,0,0,0,0,0,0,0,0,0
rolensc01,1997,1,0,0,0,0,0,0,0,0,0,0,0,0,0
rolensc01,1998,0,0,0,0,0,0,0,0,1,0,0,0,0,0
rolensc01,2000,0,0,0,0,0,0,0,0,1,0,0,0,0,0
rolensc01,2001,0,0,0,0,0,0,0,0,1,0,0,0,0,0
rolensc01,2002,0,0,0,0,0,0,0,0,1,0,0,0,0,0
rolensc01,2003,0,0,0,0,0,0,0,0,1,0,0,0,0,0
rolensc01,2004,0,0,0,0,0,0,0,0,1,0,0,0,0,0
rolensc01,2006,0,0,0,0,0,0,0,0,1,0,0,0,0,0
rolensc01,2010,0,0,0,0,0,0,0,0,1,0,0,0,0,0
rolliji01,2007,0,1,0,0,0,0,0,0,0,1,0,0,0,0
rolliji01,2008,0,0,0,0,0,0,0,0,0,1,0,0,0,0
rolliji01,2009,0,0,0,0,0,0,0,0,0,1,0,0,0,0
rolliji01,2012,0,0,0,0,0,0,0,0,0,1,0,0,0,0
rosebjo01,1961,0,0,0,0,0,1,0,0,0,0,0,0,0,0
rosebjo01,1966,0,0,0,0,0,1,0,0,0,0,0,0,0,0
rosenal01,1953,0,1,0,0,0,0,0,0,0,0,0,0,0,0
rosepe01,1963,1,0,0,0,0,0,0,0,0,0,0,0,0,0
rosepe01,1969,0,0,0,0,0,0,0,0,0,0,0,0,0,1
rosepe01,1970,0,0,0,0,0,0,0,0,0,0,0,0,0,1
rosepe01,1973,0,1,0,0,0,0,0,0,0,0,0,0,0,0
rowanaa01,2007,0,0,0,0,0,0,0,0,0,0,0,0,0,1
rudijo01,1974,0,0,0,0,0,0,0,0,0,0,0,0,0,1
rudijo01,1975,0,0,0,0,0,0,0,0,0,0,0,0,0,1
rudijo01,1976,0,0,0,0,0,0,0,0,0,0,0,0,0,1
ruthba01,1923,0,1,0,0,0,0,0,0,0,0,0,0,0,0
sabatcc01,2007,0,0,1,0,0,0,0,0,0,0,0,0,0,0
saberbr01,1985,0,0,1,0,0,0,0,0,0,0,0,0,0,0
saberbr01,1989,0,0,1,0,1,0,0,0,0,0,0,0,0,0
saboch01,1988,1,0,0,0,0,0,0,0,0,0,0,0,0,0
salmoti01,1993,1,0,0,0,0,0,0,0,0,0,0,0,0,0
sandbry01,1983,0,0,0,0,0,0,0,1,0,0,0,0,0,0
sandbry01,1984,0,1,0,0,0,0,0,1,0,0,0,0,0,0
sandbry01,1985,0,0,0,0,0,0,0,1,0,0,0,0,0,0
sandbry01,1986,0,0,0,0,0,0,0,1,0,0,0,0,0,0
sandbry01,1987,0,0,0,0,0,0,0,1,0,0,0,0,0,0
sandbry01,1988,0,0,0,0,0,0,0,1,0,0,0,0,0,0
sandbry01,1989,0,0,0,0,0,0,0,1,0,0,0,0,0,0
sandbry01,1990,0,0,0,0,0,0,0,1,0,0,0,0,0,0
sandbry01,1991,0,0,0,0,0,0,0,1,0,0,0,0,0,0
sanfoja02,1957,1,0,0,0,0,0,0,0,0,0,0,0,0,0
santajo01,2004,0,0,1,0,0,0,0,0,0,0,0,0,0,0
santajo01,2006,0,0,1,0,0,0,0,0,0,0,0,0,0,0
santajo01,2007,0,0,0,0,1,0,0,0,0,0,0,0,0,0
santibe01,1987,1,0,0,0,0,0,0,0,0,0,0,0,0,0
santibe01,1988,0,0,0,0,0,1,0,0,0,0,0,0,0,0
santibe01,1989,0,0,0,0,0,1,0,0,0,0,0,0,0,0
santibe01,1990,0,0,0,0,0,1,0,0,0,0,0,0,0,0
santoro01,1964,0,0,0,0,0,0,0,0,1,0,0,0,0,0
santoro01,1965,0,0,0,0,0,0,0,0,1,0,0,0,0,0
santoro01,1966,0,0,0,0,0,0,0,0,1,0,0,0,0,0
santoro01,1967,0,0,0,0,0,0,0,0,1,0,0,0,0,0
santoro01,1968,0,0,0,0,0,0,0,0,1,0,0,0,0,0
sasakka01,2000,1,0,0,0,0,0,0,0,0,0,0,0,0,0
sauerha01,1952,0,1,0,0,0,0,0,0,0,0,0,0,0,0
saxst01,1982,1,0,0,0,0,0,0,0,0,0,0,0,0,0
scherma01,2013,0,0,1,0,0,0,0,0,0,0,0,0,0,0
scherma01,2016,0,0,1,0,0,0,0,0,0,0,0,0,0,0
scherma01,2017,0,0,1,0,0,0,0,0,0,0,0,0,0,0
schmimi01,1976,0,0,0,0,0,0,0,0,1,0,0,0,0,0
schmimi01,1977,0,0,0,0,0,0,0,0,1,0,0,0,0,0
schmimi01,1978,0,0,0,0,0,0,0,0,1,0,0,0,0,0
schmimi01,1979,0,0,0,0,0,0,0,0,1,0,0,0,0,0
schmimi01,1980,0,1,0,0,0,0,0,0,1,0,0,0,0,0
schmimi01,1981,0,1,0,0,0,0,0,0,1,0,0,0,0,0
schmimi01,1982,0,0,0,0,0,0,0,0,1,0,0,0,0,0
schmimi01,1983,0,0,0,0,0,0,0,0,1,0,0,0,0,0
schmimi01,1984,0,0,0,0,0,0,0,0,1,0,0,0,0,0
schmimi01,1986,0,1,0,0,0,0,0,0,1,0,0,0,0,0
schulfr01,1911,0,1,0,0,0,0,0,0,0,0,0,0,0,0
schwado01,1961,1,0,0,0,0,0,0,0,0,0,0,0,0,0
scorehe01,1955,1,0,0,0,0,0,0,0,0,0,0,0,0,0
scottge02,1967,0,0,0,0,0,0,1,0,0,0,0,0,0,0
scottge02,1968,0,0,0,0,0,0,1,0,0,0,0,0,0,0
scottge02,1971,0,0,0,0,0,0,1,0,0,0,0,0,0,0
scottge02,1972,0,0,0,0,0,0,1,0,0,0,0,0,0,0
scottge02,1973,0,0,0,0,0,0,1,0,0,0,0,0,0,0
scottge02,1974,0,0,0,0,0,0,1,0,0,0,0,0,0,0
scottge02,1975,0,0,0,0,0,0,1,0,0,0,0,0,0,0
scottge02,1976,0,0,0,0,0,0,1,0,0,0,0,0,0,0
scottmi03,1986,0,0,1,0,0,0,0,0,0,0,0,0,0,0
seageco01,2016,1,0,0,0,0,0,0,0,0,0,0,0,0,0
seageky01,2014,0,0,0,0,0,0,0,0,1,0,0,0,0,0
seaveto01,1967,1,0,0,0,0,0,0,0,0,0,0,0,0,0
seaveto01,1969,0,0,1,0,0,0,0,0,0,0,0,0,0,0
seaveto01,1973,0,0,1,0,0,0,0,0,0,0,0,0,0,0
seaveto01,1975,0,0,1,0,0,0,0,0,0,0,0,0,0,0
shantbo01,1952,0,1,0,0,0,0,0,0,0,0,0,0,0,0
shantbo01,1957,0,0,0,0,1,0,0,0,0,0,0,0,0,0
shantbo01,1958,0,0,0,0,1,0,0,0,0,0,0,0,0,0
shantbo01,1959,0,0,0,0,1,0,0,0,0,0,0,0,0,0
shantbo01,1960,0,0,0,0,1,0,0,0,0,0,0,0,0,0
shantbo01,1961,0,0,0,0,1,0,0,0,0,0,0,0,0,0
shantbo01,1962,0,0,0,0,1,0,0,0,0,0,0,0,0,0
shantbo01,1963,0,0,0,0,1,0,0,0,0,0,0,0,0,0
shantbo01,1964,0,0,0,0,1,0,0,0,0,0,0,0,0,0
siebeno01,1958,0,0,0,0,0,0,0,0,0,0,1,0,0,0
sievero01,1949,1,0,0,0,0,0,0,0,0,0,0,0,0,0
simmoan01,2013,0,0,0,0,0,0,0,0,0,1,0,0,0,0
simmoan01,2014,0,0,0,0,0,0,0,0,0,1,0,0,0,0
simmoan01,2017,0,0,0,0,0,0,0,0,0,1,0,0,0,0
sislege01,1922,0,1,0,0,0,0,0,0,0,0,0,0,0,0
sizemgr01,2007,0,0,0,0,0,0,0,0,0,0,0,0,0,1
sizemgr01,2008,0,0,0,0,0,0,0,0,0,0,0,0,0,1
sizemte01,1969,1,0,0,0,0,0,0,0,0,0,0,0,0,0
smithoz01,1980,0,0,0,0,0,0,0,0,0,1,0,0,0,0
smithoz01,1981,0,0,0,0,0,0,0,0,0,1,0,0,0,0
smithoz01,1982,0,0,0,0,0,0,0,0,0,1,0,0,0,0
smithoz01,1983,0,0,0,0,0,0,0,0,0,1,0,0,0,0
smithoz01,1984,0,0,0,0,0,0,0,0,0,1,0,0,0,0
smithoz01,1985,0,0,0,0,0,0,0,0,0,1,0,0,0,0
smithoz01,1986,0,0,0,0,0,0,0,0,0,1,0,0,0,0
smithoz01,1987,0,0,0,0,0,0,0,0,0,1,0,0,0,0
smithoz01,1988,0,0,0,0,0,0,0,0,0,1,0,0,0,0
smithoz01,1989,0,0,0,0,0,0,0,0,0,1,0,0,0,0
smithoz01,1990,0,0,0,0,0,0,0,0,0,1,0,0,0,0
smithoz01,1991,0,0,0,0,0,0,0,0,0,1,0,0,0,0
smithoz01,1992,0,0,0,0,0,0,0,0,0,1,0,0,0,0
smithre06,1968,0,0,0,0,0,0,0,0,0,0,0,0,0,1
smoltjo01,1996,0,0,1,0,0,0,0,0,0,0,0,0,0,0
snowjt01,1995,0,0,0,0,0,0,1,0,0,0,0,0,0,0
snowjt01,1996,0,0,0,0,0,0,1,0,0,0,0,0,0,0
snowjt01,1997,0,0,0,0,0,0,1,0,0,0,0,0,0,0
snowjt01,1998,0,0,0,0,0,0,1,0,0,0,0,0,0,0
snowjt01,1999,0,0,0,0,0,0,1,0,0,0,0,0,0,0
snowjt01,2000,0,0,0,0,0,0,1,0,0,0,0,0,0,0
sosasa01,1998,0,1,0,0,0,0,0,0,0,0,0,0,0,0
sotoge01,2008,1,0,0,0,0,0,0,0,0,0,0,0,0,0
spahnwa01,1957,0,0,1,0,0,0,0,0,0,0,0,0,0,0
speaktr01,1912,0,1,0,0,0,0,0,0,0,0,0,0,0,0
spencji01,1970,0,0,0,0,0,0,1,0,0,0,0,0,0,0
spencji01,1977,0,0,0,0,0,0,1,0,0,0,0,0,0,0
squirmi01,1981,0,0,0,0,0,0,1,0,0,0,0,0,0,0
stanlmi01,1968,0,0,0,0,0,0,0,0,0,0,0,0,0,1
stanlmi01,1969,0,0,0,0,0,0,0,0,0,0,0,0,0,1
stanlmi01,1970,0,0,0,0,0,0,0,0,0,0,0,0,0,1
stanlmi01,1973,0,0,0,0,0,0,0,0,0,0,0,0,0,1
stantmi03,2017,0,1,0,0,0,0,0,0,0,0,0,0,0,0
stargwi01,1979,0,1,0,0,0,0,0,0,0,0,0,0,0,0
stonest01,1980,0,0,1,0,0,0,0,0,0,0,0,0,0,0
strawda01,1983,1,0,0,0,0,0,0,0,0,0,0,0,0,0
streehu01,2005,1,0,0,0,0,0,0,0,0,0,0,0,0,0
stromma01,2017,0,0,0,0,1,0,0,0,0,0,0,0,0,0
sundbji01,1976,0,0,0,0,0,1,0,0,0,0,0,0,0,0
sundbji01,1977,0,0,0,0,0,1,0,0,0,0,0,0,0,0
sundbji01,1978,0,0,0,0,0,1,0,0,0,0,0,0,0,0
sundbji01,1979,0,0,0,0,0,1,0,0,0,0,0,0,0,0
sundbji01,1980,0,0,0,0,0,1,0,0,0,0,0,0,0,0
sundbji01,1981,0,0,0,0,0,1,0,0,0,0,0,0,0,0
sutclri01,1979,1,0,0,0,0,0,0,0,0,0,0,0,0,0
sutclri01,1984,0,0,1,0,0,0,0,0,0,0,0,0,0,0
suttebr01,1979,0,0,1,0,0,0,0,0,0,0,0,0,0,0
suzukic01,2001,1,1,0,0,0,0,0,0,0,0,0,0,0,1
suzukic01,2002,0,0,0,0,0,0,0,0,0,0,0,0,0,1
suzukic01,2003,0,0,0,0,0,0,0,0,0,0,0,0,0,1
suzukic01,2004,0,0,0,0,0,0,0,0,0,0,0,0,0,1
suzukic01,2005,0,0,0,0,0,0,0,0,0,0,0,0,0,1
suzukic01,2006,0,0,0,0,0,0,0,0,0,0,0,0,0,1
suzukic01,2007,0,0,0,0,0,0,0,0,0,0,0,0,0,1
suzukic01,2008,0,0,0,0,0,0,0,0,0,0,0,0,0,1
suzukic01,2009,0,0,0,0,0,0,0,0,0,0,0,0,0,1
suzukic01,2010,0,0,0,0,0,0,0,0,0,0,0,0,0,1
teixema01,2005,0,0,0,0,0,0,1,0,0,0,0,0,0,0
teixema01,2006,0,0,0,0,0,0,1,0,0,0,0,0,0,0
teixema01,2009,0,0,0,0,0,0,1,0,0,0,0,0,0,0
teixema01,2010,0,0,0,0,0,0,1,0,0,0,0,0,0,0
teixema01,2012,0,0,0,0,0,0,1,0,0,0,0,0,0,0
tejadmi01,2002,0,1,0,0,0,0,0,0,0,0,0,0,0,0
thomafr04,1993,0,1,0,0,0,0,0,0,0,0,0,0,0,0
thomafr04,1994,0,1,0,0,0,0,0,0,0,0,0,0,0,0
thompro01,1993,0,0,0,0,0,0,0,1,0,0,0,0,0,0
torrejo01,1965,0,0,0,0,0,1,0,0,0,0,0,0,0,0
torrejo01,1971,0,1,0,0,0,0,0,0,0,0,0,0,0,0
trammal01,1980,0,0,0,0,0,0,0,0,0,1,0,0,0,0
trammal01,1981,0,0,0,0,0,0,0,0,0,1,0,0,0,0
trammal01,1983,0,0,0,0,0,0,0,0,0,1,0,0,0,0
trammal01,1984,0,0,0,0,0,0,0,0,0,1,0,0,0,0
treshto01,1962,1,0,0,0,0,0,0,0,0,0,0,0,0,0
treshto01,1965,0,0,0,0,0,0,0,0,0,0,0,0,0,1
trillma01,1979,0,0,0,0,0,0,0,1,0,0,0,0,0,0
trillma01,1981,0,0,0,0,0,0,0,1,0,0,0,0,0,0
trillma01,1982,0,0,0,0,0,0,0,1,0,0,0,0,0,0
troutmi01,2012,1,0,0,0,0,0,0,0,0,0,0,0,0,0
troutmi01,2014,0,1,0,0,0,0,0,0,0,0,0,0,0,0
troutmi01,2016,0,1,0,0,0,0,0,0,0,0,0,0,0,0
tulowtr01,2010,0,0,0,0,0,0,0,0,0,1,0,0,0,0
tulowtr01,2011,0,0,0,0,0,0,0,0,0,1,0,0,0,0
turlebo01,1958,0,0,1,0,0,0,0,0,0,0,0,0,0,0
valenel01,1978,0,0,0,0,0,0,0,0,0,0,0,0,0,1
valenfe01,1981,1,0,1,0,0,0,0,0,0,0,0,0,0,0
valenfe01,1986,0,0,0,0,1,0,0,0,0,0,0,0,0,0
vanceda01,1924,0,1,0,0,0,0,0,0,0,0,0,0,0,0
vanslan01,1988,0,0,0,0,0,0,0,0,0,0,0,0,0,1
vanslan01,1989,0,0,0,0,0,0,0,0,0,0,0,0,0,1
vanslan01,1990,0,0,0,0,0,0,0,0,0,0,0,0,0,1
vanslan01,1991,0,0,0,0,0,0,0,0,0,0,0,0,0,1
vanslan01,1992,0,0,0,0,0,0,0,0,0,0,0,0,0,1
varitja01,2005,0,0,0,0,0,1,0,0,0,0,0,0,0,0
vaughmo01,1995,0,1,0,0,0,0,0,0,0,0,0,0,0,0
venturo01,1991,0,0,0,0,0,0,0,0,1,0,0,0,0,0
venturo01,1992,0,0,0,0,0,0,0,0,1,0,0,0,0,0
venturo01,1993,0,0,0,0,0,0,0,0,1,0,0,0,0,0
venturo01,1996,0,0,0,0,0,0,0,0,1,0,0,0,0,0
venturo01,1998,0,0,0,0,0,0,0,0,1,0,0,0,0,0
venturo01,1999,0,0,0,0,0,0,0,0,1,0,0,0,0,0
verlaju01,2006,1,0,0,0,0,0,0,0,0,0,0,0,0,0
verlaju01,2011,0,1,1,0,0,0,0,0,0,0,0,0,0,0
versazo01,1963,0,0,0,0,0,0,0,0,0,1,0,0,0,0
versazo01,1965,0,1,0,0,0,0,0,0,0,1,0,0,0,0
victosh01,2008,0,0,0,0,0,0,0,0,0,0,0,0,0,1
victosh01,2009,0,0,0,0,0,0,0,0,0,0,0,0,0,1
victosh01,2010,0,0,0,0,0,0,0,0,0,0,0,0,0,1
victosh01,2013,0,0,0,0,0,0,0,0,0,0,0,0,1,0
vinafe01,2001,0,0,0,0,0,0,0,1,0,0,0,0,0,0
vinafe01,2002,0,0,0,0,0,0,0,1,0,0,0,0,0,0
violafr01,1988,0,0,1,0,0,0,0,0,0,0,0,0,0,0
virdobi01,1955,1,0,0,0,0,0,0,0,0,0,0,0,0,0
virdobi01,1962,0,0,0,0,0,0,0,0,0,0,0,0,0,1
vizquom01,1993,0,0,0,0,0,0,0,0,0,1,0,0,0,0
vizquom01,1994,0,0,0,0,0,0,0,0,0,1,0,0,0,0
vizquom01,1995,0,0,0,0,0,0,0,0,0,1,0,0,0,0
vizquom01,1996,0,0,0,0,0,0,0,0,0,1,0,0,0,0
vizquom01,1997,0,0,0,0,0,0,0,0,0,1,0,0,0,0
vizquom01,1998,0,0,0,0,0,0,0,0,0,1,0,0,0,0
vizquom01,1999,0,0,0,0,0,0,0,0,0,1,0,0,0,0
vizquom01,2000,0,0,0,0,0,0,0,0,0,1,0,0,0,0
vizquom01,2001,0,0,0,0,0,0,0,0,0,1,0,0,0,0
vizquom01,2005,0,0,0,0,0,0,0,0,0,1,0,0,0,0
vizquom01,2006,0,0,0,0,0,0,0,0,0,1,0,0,0,0
vottojo01,2010,0,1,0,0,0,0,0,0,0,0,0,0,0,0
vottojo01,2011,0,0,0,0,0,0,1,0,0,0,0,0,0,0
vuckope01,1982,0,0,1,0,0,0,0,0,0,0,0,0,0,0
wainwad01,2009,0,0,0,0,1,0,0,0,0,0,0,0,0,0
wainwad01,2013,0,0,0,0,1,0,0,0,0,0,0,0,0,0
walkela01,1992,0,0,0,0,0,0,0,0,0,0,0,0,0,1
walkela01,1993,0,0,0,0,0,0,0,0,0,0,0,0,0,1
walkela01,1997,0,1,0,0,0,0,0,0,0,0,0,0,0,1
walkela01,1998,0,0,0,0,0,0,0,0,0,0,0,0,0,1
walkela01,1999,0,0,0,0,0,0,0,0,0,0,0,0,0,1
walkela01,2001,0,0,0,0,0,0,0,0,0,0,0,0,0,1
walkela01,2002,0,0,0,0,0,0,0,0,0,0,0,0,0,1
wallati01,1985,0,0,0,0,0,0,0,0,1,0,0,0,0,0
wallati01,1988,0,0,0,0,0,0,0,0,1,0,0,0,0,0
wallati01,1990,0,0,0,0,0,0,0,0,1,0,0,0,0,0
waltebu01,1939,0,1,0,0,0,0,0,0,0,0,0,0,0,0
waltoje01,1989,1,0,0,0,0,0,0,0,0,0,0,0,0,0
wanerpa01,1927,0,1,0,0,0,0,0,0,0,0,0,0,0,0
webbbr01,2006,0,0,1,0,0,0,0,0,0,0,0,0,0,0
weisswa01,1988,1,0,0,0,0,0,0,0,0,0,0,0,0,0
welchbo01,1990,0,0,1,0,0,0,0,0,0,0,0,0,0,0
wellsve01,2004,0,0,0,0,0,0,0,0,0,0,0,0,0,1
wellsve01,2005,0,0,0,0,0,0,0,0,0,0,0,0,0,1
wellsve01,2006,0,0,0,0,0,0,0,0,0,0,0,0,0,1
whitalo01,1978,1,0,0,0,0,0,0,0,0,0,0,0,0,0
whitalo01,1983,0,0,0,0,0,0,0,1,0,0,0,0,0,0
whitalo01,1984,0,0,0,0,0,0,0,1,0,0,0,0,0,0
whitalo01,1985,0,0,0,0,0,0,0,1,0,0,0,0,0,0
whitebi03,1960,0,0,0,0,0,0,1,0,0,0,0,0,0,0
whitebi03,1961,0,0,0,0,0,0,1,0,0,0,0,0,0,0
whitebi03,1962,0,0,0,0,0,0,1,0,0,0,0,0,0,0
whitebi03,1963,0,0,0,0,0,0,1,0,0,0,0,0,0,0
whitebi03,1964,0,0,0,0,0,0,1,0,0,0,0,0,0,0
whitebi03,1965,0,0,0,0,0,0,1,0,0,0,0,0,0,0
whitebi03,1966,0,0,0,0,0,0,1,0,0,0,0,0,0,0
whitede03,1988,0,0,0,0,0,0,0,0,0,0,0,0,0,1
whitede03,1989,0,0,0,0,0,0,0,0,0,0,0,0,0,1
whitede03,1991,0,0,0,0,0,0,0,0,0,0,0,0,0,1
whitede03,1992,0,0,0,0,0,0,0,0,0,0,0,0,0,1
whitede03,1993,0,0,0,0,0,0,0,0,0,0,0,0,0,1
whitede03,1994,0,0,0,0,0,0,0,0,0,0,0,0,0,1
whitede03,1995,0,0,0,0,0,0,0,0,0,0,0,0,0,1
whitefr01,1977,0,0,0,0,0,0,0,1,0,0,0,0,0,0
whitefr01,1978,0,0,0,0,0,0,0,1,0,0,0,0,0,0
whitefr01,1979,0,0,0,0,0,0,0,1,0,0,0,0,0,0
whitefr01,1980,0,0,0,0,0,0,0,1,0,0,0,0,0,0
whitefr01,1981,0,0,0,0,0,0,0,1,0,0,0,0,0,0
whitefr01,1982,0,0,0,0,0,0,0,1,0,0,0,0,0,0
whitefr01,1986,0,0,0,0,0,0,0,1,0,0,0,0,0,0
whitefr01,1987,0,0,0,0,0,0,0,1,0,0,0,0,0,0
wietema01,2011,0,0,0,0,0,1,0,0,0,0,0,0,0,0
wietema01,2012,0,0,0,0,0,1,0,0,0,0,0,0,0,0
willibe02,1997,0,0,0,0,0,0,0,0,0,0,0,0,0,1
willibe02,1998,0,0,0,0,0,0,0,0,0,0,0,0,0,1
willibe02,1999,0,0,0,0,0,0,0,0,0,0,0,0,0,1
willibe02,2000,0,0,0,0,0,0,0,0,0,0,0,0,0,1
willibi01,1961,1,0,0,0,0,0,0,0,0,0,0,0,0,0
willido03,2003,1,0,0,0,0,0,0,0,0,0,0,0,0,0
williea02,1971,1,0,0,0,0,0,0,0,0,0,0,0,0,0
willima04,1991,0,0,0,0,0,0,0,0,1,0,0,0,0,0
willima04,1993,0,0,0,0,0,0,0,0,1,0,0,0,0,0
willima04,1994,0,0,0,0,0,0,0,0,1,0,0,0,0,0
willima04,1997,0,0,0,0,0,0,0,0,1,0,0,0,0,0
willisc01,1999,1,0,0,0,0,0,0,0,0,0,0,0,0,0
willite01,1942,0,0,0,1,0,0,0,0,0,0,0,0,0,0
willite01,1946,0,1,0,0,0,0,0,0,0,0,0,0,0,0
willite01,1947,0,0,0,1,0,0,0,0,0,0,0,0,0,0
willite01,1949,0,1,0,0,0,0,0,0,0,0,0,0,0,0
willsma01,1961,0,0,0,0,0,0,0,0,0,1,0,0,0,0
willsma01,1962,0,1,0,0,0,0,0,0,0,1,0,0,0,0
wilsowi02,1980,0,0,0,0,0,0,0,0,0,0,0,0,0,1
winebo01,1963,0,0,0,0,0,0,0,0,0,1,0,0,0,0
winfida01,1979,0,0,0,0,0,0,0,0,0,0,0,0,0,1
winfida01,1980,0,0,0,0,0,0,0,0,0,0,0,0,0,1
winfida01,1982,0,0,0,0,0,0,0,0,0,0,0,0,0,1
winfida01,1983,0,0,0,0,0,0,0,0,0,0,0,0,0,1
winfida01,1984,0,0,0,0,0,0,0,0,0,0,0,0,0,1
winfida01,1985,0,0,0,0,0,0,0,0,0,0,0,0,0,1
winfida01,1987,0,0,0,0,0,0,0,0,0,0,0,0,0,1
woodke02,1998,1,0,0,0,0,0,0,0,0,0,0,0,0,0
worreto01,1986,1,0,0,0,0,0,0,0,0,0,0,0,0,0
wrighda03,2007,0,0,0,0,0,0,0,0,1,0,0,0,0,0
wrighda03,2008,0,0,0,0,0,0,0,0,1,0,0,0,0,0
wynnea01,1959,0,0,1,0,0,0,0,0,0,0,0,0,0,0
yastrca01,1963,0,0,0,0,0,0,0,0,0,0,0,0,0,1
yastrca01,1965,0,0,0,0,0,0,0,0,0,0,0,0,0,1
yastrca01,1967,0,1,0,1,0,0,0,0,0,0,0,0,0,1
yastrca01,1968,0,0,0,0,0,0,0,0,0,0,0,0,0,1
yastrca01,1969,0,0,0,0,0,0,0,0,0,0,0,0,0,1
yastrca01,1971,0,0,0,0,0,0,0,0,0,0,0,0,0,1
yastrca01,1977,0,0,0,0,0,0,0,0,0,0,0,0,0,1
yelicch01,2014,0,0,0,0,0,0,0,0,0,0,1,0,0,0
youklke01,2007,0,0,0,0,0,0,1,0,0,0,0,0,0,0
youngmi02,2008,0,0,0,0,0,0,0,0,0,1,0,0,0,0
yountro01,1982,0,1,0,0,0,0,0,0,0,1,0,0,0,0
yountro01,1989,0,1,0,0,0,0,0,0,0,0,0,0,0,0
zachrpa01,1976,1,0,0,0,0,0,0,0,0,0,0,0,0,0
zimmery01,2009,0,0,0,0,0,0,0,0,1,0,0,0,0,0
zitoba01,2002,0,0,1,0,0,0,0,0,0,0,0,0,0,0
